VMH ID;Reference;;;;;;;;;;;;;;;;;;;;;;;
12harachd;Wishart, D.S., et al., HMDB: the Human Metabolome Database. Nucleic Acids Res, 2007. 35(Database issue): p. D521-6.;;;;;;;;;;;;;;;;;;;;;;;
12ppd_R;Wishart, D.S., et al., HMDB: the Human Metabolome Database. Nucleic Acids Res, 2007. 35(Database issue): p. D521-6.;;;;;;;;;;;;;;;;;;;;;;;
25aics;Wishart, D.S., et al., HMDB: the Human Metabolome Database. Nucleic Acids Res, 2007. 35(Database issue): p. D521-6.;;;;;;;;;;;;;;;;;;;;;;;
2hb;Wishart, D.S., et al., HMDB: the Human Metabolome Database. Nucleic Acids Res, 2007. 35(Database issue): p. D521-6.PMID: 24816252;;;;;;;;;;;;;;;;;;;;;;;
2hb;Wishart, D.S., et al., HMDB: the Human Metabolome Database. Nucleic Acids Res, 2007. 35(Database issue): p. D521-6.PMID: 24816252;;;;;;;;;;;;;;;;;;;;;;;
2mcit;Wishart, D.S., et al., HMDB: the Human Metabolome Database. Nucleic Acids Res, 2007. 35(Database issue): p. D521-6.Burgard, P., et al., Report on the practices of newborn screening for rare disorders implemented in Member States of the European Union, Candidate, Potential Candidate and EFTA Countries, in EU Tender ÒEvaluation of population newborn screening practices for rare disorders in Member States of the European Union. 2011.;;;;;;;;;;;;;;;;;;;;;;;
2mcit;Wishart, D.S., et al., HMDB: the Human Metabolome Database. Nucleic Acids Res, 2007. 35(Database issue): p. D521-6.Burgard, P., et al., Report on the practices of newborn screening for rare disorders implemented in Member States of the European Union, Candidate, Potential Candidate and EFTA Countries, in EU Tender ÒEvaluation of population newborn screening practices for rare disorders in Member States of the European Union. 2011.;;;;;;;;;;;;;;;;;;;;;;;
2obut;Wishart, D.S., et al., HMDB: the Human Metabolome Database. Nucleic Acids Res, 2007. 35(Database issue): p. D521-6.;;;;;;;;;;;;;;;;;;;;;;;
34dhoxpeg;Wishart, D.S., et al., HMDB: the Human Metabolome Database. Nucleic Acids Res, 2007. 35(Database issue): p. D521-6.;;;;;;;;;;;;;;;;;;;;;;;
34dhpha;Wishart, D.S., et al., HMDB: the Human Metabolome Database. Nucleic Acids Res, 2007. 35(Database issue): p. D521-6.;;;;;;;;;;;;;;;;;;;;;;;
34dhphe;Wishart, D.S., et al., HMDB: the Human Metabolome Database. Nucleic Acids Res, 2007. 35(Database issue): p. D521-6.;;;;;;;;;;;;;;;;;;;;;;;
34dhphe;Wishart, D.S., et al., HMDB: the Human Metabolome Database. Nucleic Acids Res, 2007. 35(Database issue): p. D521-6.;;;;;;;;;;;;;;;;;;;;;;;
34hpl;Wishart, D.S., et al., HMDB: the Human Metabolome Database. Nucleic Acids Res, 2007. 35(Database issue): p. D521-6.PMID: 24816252;;;;;;;;;;;;;;;;;;;;;;;
35cgmp;Wishart, D.S., et al., HMDB: the Human Metabolome Database. Nucleic Acids Res, 2007. 35(Database issue): p. D521-6.;;;;;;;;;;;;;;;;;;;;;;;
35cgmp;Wishart, D.S., et al., HMDB: the Human Metabolome Database. Nucleic Acids Res, 2007. 35(Database issue): p. D521-6.;;;;;;;;;;;;;;;;;;;;;;;
3hmp;Wishart, D.S., et al., HMDB: the Human Metabolome Database. Nucleic Acids Res, 2007. 35(Database issue): p. D521-6.http://www.metabolomicscentre.nl/;;;;;;;;;;;;;;;;;;;;;;;
3hpp;Wishart, D.S., et al., HMDB: the Human Metabolome Database. Nucleic Acids Res, 2007. 35(Database issue): p. D521-6.Engelke, U., et al., Handbook of H-NMR spectroscopy in Inborn Errors of Metabolism Body fluid NMR apectroscopy and Brain MR spectroscopy. 3rd ed. 2014, Netherlands: Bruker.;;;;;;;;;;;;;;;;;;;;;;;
3mlda;Wishart, D.S., et al., HMDB: the Human Metabolome Database. Nucleic Acids Res, 2007. 35(Database issue): p. D521-6.;;;;;;;;;;;;;;;;;;;;;;;
3mlda;Wishart, D.S., et al., HMDB: the Human Metabolome Database. Nucleic Acids Res, 2007. 35(Database issue): p. D521-6.;;;;;;;;;;;;;;;;;;;;;;;
3mob;Wishart, D.S., et al., HMDB: the Human Metabolome Database. Nucleic Acids Res, 2007. 35(Database issue): p. D521-6.Engelke, U., et al., Handbook of H-NMR spectroscopy in Inborn Errors of Metabolism Body fluid NMR apectroscopy and Brain MR spectroscopy. 3rd ed. 2014, Netherlands: Bruker.;;;;;;;;;;;;;;;;;;;;;;;
3mob;Wishart, D.S., et al., HMDB: the Human Metabolome Database. Nucleic Acids Res, 2007. 35(Database issue): p. D521-6.Engelke, U., et al., Handbook of H-NMR spectroscopy in Inborn Errors of Metabolism Body fluid NMR apectroscopy and Brain MR spectroscopy. 3rd ed. 2014, Netherlands: Bruker.;;;;;;;;;;;;;;;;;;;;;;;
3mop;Wishart, D.S., et al., HMDB: the Human Metabolome Database. Nucleic Acids Res, 2007. 35(Database issue): p. D521-6.Engelke, U., et al., Handbook of H-NMR spectroscopy in Inborn Errors of Metabolism Body fluid NMR apectroscopy and Brain MR spectroscopy. 3rd ed. 2014, Netherlands: Bruker.;;;;;;;;;;;;;;;;;;;;;;;
3mop;Wishart, D.S., et al., HMDB: the Human Metabolome Database. Nucleic Acids Res, 2007. 35(Database issue): p. D521-6.Engelke, U., et al., Handbook of H-NMR spectroscopy in Inborn Errors of Metabolism Body fluid NMR apectroscopy and Brain MR spectroscopy. 3rd ed. 2014, Netherlands: Bruker.;;;;;;;;;;;;;;;;;;;;;;;
3moxtyr;Wishart, D.S., et al., HMDB: the Human Metabolome Database. Nucleic Acids Res, 2007. 35(Database issue): p. D521-6.http://www.metabolomicscentre.nl/;;;;;;;;;;;;;;;;;;;;;;;
3moxtyr;Wishart, D.S., et al., HMDB: the Human Metabolome Database. Nucleic Acids Res, 2007. 35(Database issue): p. D521-6.http://www.metabolomicscentre.nl/;;;;;;;;;;;;;;;;;;;;;;;
3uib;Wishart, D.S., et al., HMDB: the Human Metabolome Database. Nucleic Acids Res, 2007. 35(Database issue): p. D521-6.Engelke, U., et al., Handbook of H-NMR spectroscopy in Inborn Errors of Metabolism Body fluid NMR apectroscopy and Brain MR spectroscopy. 3rd ed. 2014, Netherlands: Bruker.;;;;;;;;;;;;;;;;;;;;;;;
4abut;Wishart, D.S., et al., HMDB: the Human Metabolome Database. Nucleic Acids Res, 2007. 35(Database issue): p. D521-6.http://www.metabolomicscentre.nl/;;;;;;;;;;;;;;;;;;;;;;;
4abut;Wishart, D.S., et al., HMDB: the Human Metabolome Database. Nucleic Acids Res, 2007. 35(Database issue): p. D521-6.http://www.metabolomicscentre.nl/;;;;;;;;;;;;;;;;;;;;;;;
4hbz;Wishart, D.S., et al., HMDB: the Human Metabolome Database. Nucleic Acids Res, 2007. 35(Database issue): p. D521-6.;;;;;;;;;;;;;;;;;;;;;;;
4hphac;Wishart, D.S., et al., HMDB: the Human Metabolome Database. Nucleic Acids Res, 2007. 35(Database issue): p. D521-6.PMID: 24816252;;;;;;;;;;;;;;;;;;;;;;;
4hphac;Wishart, D.S., et al., HMDB: the Human Metabolome Database. Nucleic Acids Res, 2007. 35(Database issue): p. D521-6.PMID: 24816252;;;;;;;;;;;;;;;;;;;;;;;
4mop;Wishart, D.S., et al., HMDB: the Human Metabolome Database. Nucleic Acids Res, 2007. 35(Database issue): p. D521-6.PMID: 24816252;;;;;;;;;;;;;;;;;;;;;;;
4mop;Wishart, D.S., et al., HMDB: the Human Metabolome Database. Nucleic Acids Res, 2007. 35(Database issue): p. D521-6.PMID: 24816252;;;;;;;;;;;;;;;;;;;;;;;
56dthm;Wishart, D.S., et al., HMDB: the Human Metabolome Database. Nucleic Acids Res, 2007. 35(Database issue): p. D521-6.Engelke, U., et al., Handbook of H-NMR spectroscopy in Inborn Errors of Metabolism Body fluid NMR apectroscopy and Brain MR spectroscopy. 3rd ed. 2014, Netherlands: Bruker.;;;;;;;;;;;;;;;;;;;;;;;
56dura;Wishart, D.S., et al., HMDB: the Human Metabolome Database. Nucleic Acids Res, 2007. 35(Database issue): p. D521-6.;;;;;;;;;;;;;;;;;;;;;;;
5adtststerone;Wishart, D.S., et al., HMDB: the Human Metabolome Database. Nucleic Acids Res, 2007. 35(Database issue): p. D521-6.;;;;;;;;;;;;;;;;;;;;;;;
5g2oxpt;Wishart, D.S., et al., HMDB: the Human Metabolome Database. Nucleic Acids Res, 2007. 35(Database issue): p. D521-6.;;;;;;;;;;;;;;;;;;;;;;;
5hoxindoa;Wishart, D.S., et al., HMDB: the Human Metabolome Database. Nucleic Acids Res, 2007. 35(Database issue): p. D521-6.http://www.metabolomicscentre.nl/;;;;;;;;;;;;;;;;;;;;;;;
5hoxindoa;Wishart, D.S., et al., HMDB: the Human Metabolome Database. Nucleic Acids Res, 2007. 35(Database issue): p. D521-6.http://www.metabolomicscentre.nl/;;;;;;;;;;;;;;;;;;;;;;;
5htrp;Wishart, D.S., et al., HMDB: the Human Metabolome Database. Nucleic Acids Res, 2007. 35(Database issue): p. D521-6.http://www.metabolomicscentre.nl/;;;;;;;;;;;;;;;;;;;;;;;
5htrp;Wishart, D.S., et al., HMDB: the Human Metabolome Database. Nucleic Acids Res, 2007. 35(Database issue): p. D521-6.http://www.metabolomicscentre.nl/;;;;;;;;;;;;;;;;;;;;;;;
5mthf;Wishart, D.S., et al., HMDB: the Human Metabolome Database. Nucleic Acids Res, 2007. 35(Database issue): p. D521-6.;;;;;;;;;;;;;;;;;;;;;;;
5mthf;Wishart, D.S., et al., HMDB: the Human Metabolome Database. Nucleic Acids Res, 2007. 35(Database issue): p. D521-6.;;;;;;;;;;;;;;;;;;;;;;;
5oxpro;Wishart, D.S., et al., HMDB: the Human Metabolome Database. Nucleic Acids Res, 2007. 35(Database issue): p. D521-6.PMID: 24816252;;;;;;;;;;;;;;;;;;;;;;;
5oxpro;Wishart, D.S., et al., HMDB: the Human Metabolome Database. Nucleic Acids Res, 2007. 35(Database issue): p. D521-6.PMID: 24816252;;;;;;;;;;;;;;;;;;;;;;;
7dhchsterol;Wishart, D.S., et al., HMDB: the Human Metabolome Database. Nucleic Acids Res, 2007. 35(Database issue): p. D521-6.Engelke, U., et al., Handbook of H-NMR spectroscopy in Inborn Errors of Metabolism Body fluid NMR apectroscopy and Brain MR spectroscopy. 3rd ed. 2014, Netherlands: Bruker.;;;;;;;;;;;;;;;;;;;;;;;
abt;Wishart, D.S., et al., HMDB: the Human Metabolome Database. Nucleic Acids Res, 2007. 35(Database issue): p. D521-6.Engelke, U., et al., Handbook of H-NMR spectroscopy in Inborn Errors of Metabolism Body fluid NMR apectroscopy and Brain MR spectroscopy. 3rd ed. 2014, Netherlands: Bruker.;;;;;;;;;;;;;;;;;;;;;;;
abt;Wishart, D.S., et al., HMDB: the Human Metabolome Database. Nucleic Acids Res, 2007. 35(Database issue): p. D521-6.Engelke, U., et al., Handbook of H-NMR spectroscopy in Inborn Errors of Metabolism Body fluid NMR apectroscopy and Brain MR spectroscopy. 3rd ed. 2014, Netherlands: Bruker.;;;;;;;;;;;;;;;;;;;;;;;
abt;Wishart, D.S., et al., HMDB: the Human Metabolome Database. Nucleic Acids Res, 2007. 35(Database issue): p. D521-6.Engelke, U., et al., Handbook of H-NMR spectroscopy in Inborn Errors of Metabolism Body fluid NMR apectroscopy and Brain MR spectroscopy. 3rd ed. 2014, Netherlands: Bruker.;;;;;;;;;;;;;;;;;;;;;;;
ac;Wishart, D.S., et al., HMDB: the Human Metabolome Database. Nucleic Acids Res, 2007. 35(Database issue): p. D521-6.;;;;;;;;;;;;;;;;;;;;;;;
ac;Wishart, D.S., et al., HMDB: the Human Metabolome Database. Nucleic Acids Res, 2007. 35(Database issue): p. D521-6.;;;;;;;;;;;;;;;;;;;;;;;
acac;Wishart, D.S., et al., HMDB: the Human Metabolome Database. Nucleic Acids Res, 2007. 35(Database issue): p. D521-6.Engelke, U., et al., Handbook of H-NMR spectroscopy in Inborn Errors of Metabolism Body fluid NMR apectroscopy and Brain MR spectroscopy. 3rd ed. 2014, Netherlands: Bruker.;;;;;;;;;;;;;;;;;;;;;;;
acac;Wishart, D.S., et al., HMDB: the Human Metabolome Database. Nucleic Acids Res, 2007. 35(Database issue): p. D521-6.Engelke, U., et al., Handbook of H-NMR spectroscopy in Inborn Errors of Metabolism Body fluid NMR apectroscopy and Brain MR spectroscopy. 3rd ed. 2014, Netherlands: Bruker.;;;;;;;;;;;;;;;;;;;;;;;
acald;Wishart, D.S., et al., HMDB: the Human Metabolome Database. Nucleic Acids Res, 2007. 35(Database issue): p. D521-6.;;;;;;;;;;;;;;;;;;;;;;;
acald;Wishart, D.S., et al., HMDB: the Human Metabolome Database. Nucleic Acids Res, 2007. 35(Database issue): p. D521-6.;;;;;;;;;;;;;;;;;;;;;;;
acetone;Wishart, D.S., et al., HMDB: the Human Metabolome Database. Nucleic Acids Res, 2007. 35(Database issue): p. D521-6.Engelke, U., et al., Handbook of H-NMR spectroscopy in Inborn Errors of Metabolism Body fluid NMR apectroscopy and Brain MR spectroscopy. 3rd ed. 2014, Netherlands: Bruker.;;;;;;;;;;;;;;;;;;;;;;;
acetone;Wishart, D.S., et al., HMDB: the Human Metabolome Database. Nucleic Acids Res, 2007. 35(Database issue): p. D521-6.Engelke, U., et al., Handbook of H-NMR spectroscopy in Inborn Errors of Metabolism Body fluid NMR apectroscopy and Brain MR spectroscopy. 3rd ed. 2014, Netherlands: Bruker.;;;;;;;;;;;;;;;;;;;;;;;
ach;Wishart, D.S., et al., HMDB: the Human Metabolome Database. Nucleic Acids Res, 2007. 35(Database issue): p. D521-6.;;;;;;;;;;;;;;;;;;;;;;;
ach;Wishart, D.S., et al., HMDB: the Human Metabolome Database. Nucleic Acids Res, 2007. 35(Database issue): p. D521-6.;;;;;;;;;;;;;;;;;;;;;;;
acnam;Wishart, D.S., et al., HMDB: the Human Metabolome Database. Nucleic Acids Res, 2007. 35(Database issue): p. D521-6.Engelke, U., et al., Handbook of H-NMR spectroscopy in Inborn Errors of Metabolism Body fluid NMR apectroscopy and Brain MR spectroscopy. 3rd ed. 2014, Netherlands: Bruker.;;;;;;;;;;;;;;;;;;;;;;;
acnam;Wishart, D.S., et al., HMDB: the Human Metabolome Database. Nucleic Acids Res, 2007. 35(Database issue): p. D521-6.Engelke, U., et al., Handbook of H-NMR spectroscopy in Inborn Errors of Metabolism Body fluid NMR apectroscopy and Brain MR spectroscopy. 3rd ed. 2014, Netherlands: Bruker.;;;;;;;;;;;;;;;;;;;;;;;
acnam;Wishart, D.S., et al., HMDB: the Human Metabolome Database. Nucleic Acids Res, 2007. 35(Database issue): p. D521-6.Engelke, U., et al., Handbook of H-NMR spectroscopy in Inborn Errors of Metabolism Body fluid NMR apectroscopy and Brain MR spectroscopy. 3rd ed. 2014, Netherlands: Bruker.;;;;;;;;;;;;;;;;;;;;;;;
acrn;Wishart, D.S., et al., HMDB: the Human Metabolome Database. Nucleic Acids Res, 2007. 35(Database issue): p. D521-6.PMID: 24816252;;;;;;;;;;;;;;;;;;;;;;;
acrn;Wishart, D.S., et al., HMDB: the Human Metabolome Database. Nucleic Acids Res, 2007. 35(Database issue): p. D521-6.PMID: 24816252;;;;;;;;;;;;;;;;;;;;;;;
ade;Wishart, D.S., et al., HMDB: the Human Metabolome Database. Nucleic Acids Res, 2007. 35(Database issue): p. D521-6.;;;;;;;;;;;;;;;;;;;;;;;
ade;Wishart, D.S., et al., HMDB: the Human Metabolome Database. Nucleic Acids Res, 2007. 35(Database issue): p. D521-6.;;;;;;;;;;;;;;;;;;;;;;;
adn;Wishart, D.S., et al., HMDB: the Human Metabolome Database. Nucleic Acids Res, 2007. 35(Database issue): p. D521-6.PMID: 24816252;;;;;;;;;;;;;;;;;;;;;;;
adn;Wishart, D.S., et al., HMDB: the Human Metabolome Database. Nucleic Acids Res, 2007. 35(Database issue): p. D521-6.PMID: 24816252;;;;;;;;;;;;;;;;;;;;;;;
adp;Wishart, D.S., et al., HMDB: the Human Metabolome Database. Nucleic Acids Res, 2007. 35(Database issue): p. D521-6.;;;;;;;;;;;;;;;;;;;;;;;
adpac;Wishart, D.S., et al., HMDB: the Human Metabolome Database. Nucleic Acids Res, 2007. 35(Database issue): p. D521-6.http://www.metabolomicscentre.nl/;;;;;;;;;;;;;;;;;;;;;;;
adrnl;Wishart, D.S., et al., HMDB: the Human Metabolome Database. Nucleic Acids Res, 2007. 35(Database issue): p. D521-6.http://www.metabolomicscentre.nl/;;;;;;;;;;;;;;;;;;;;;;;
adrnl;Wishart, D.S., et al., HMDB: the Human Metabolome Database. Nucleic Acids Res, 2007. 35(Database issue): p. D521-6.http://www.metabolomicscentre.nl/;;;;;;;;;;;;;;;;;;;;;;;
agm;Wishart, D.S., et al., HMDB: the Human Metabolome Database. Nucleic Acids Res, 2007. 35(Database issue): p. D521-6.;;;;;;;;;;;;;;;;;;;;;;;
ahcys;Wishart, D.S., et al., HMDB: the Human Metabolome Database. Nucleic Acids Res, 2007. 35(Database issue): p. D521-6.Engelke, U., et al., Handbook of H-NMR spectroscopy in Inborn Errors of Metabolism Body fluid NMR apectroscopy and Brain MR spectroscopy. 3rd ed. 2014, Netherlands: Bruker.;;;;;;;;;;;;;;;;;;;;;;;
ahcys;Wishart, D.S., et al., HMDB: the Human Metabolome Database. Nucleic Acids Res, 2007. 35(Database issue): p. D521-6.Engelke, U., et al., Handbook of H-NMR spectroscopy in Inborn Errors of Metabolism Body fluid NMR apectroscopy and Brain MR spectroscopy. 3rd ed. 2014, Netherlands: Bruker.;;;;;;;;;;;;;;;;;;;;;;;
akg;Wishart, D.S., et al., HMDB: the Human Metabolome Database. Nucleic Acids Res, 2007. 35(Database issue): p. D521-6.PMID: 24816252;;;;;;;;;;;;;;;;;;;;;;;
akg;Wishart, D.S., et al., HMDB: the Human Metabolome Database. Nucleic Acids Res, 2007. 35(Database issue): p. D521-6.PMID: 24816252;;;;;;;;;;;;;;;;;;;;;;;
ala_B;Wishart, D.S., et al., HMDB: the Human Metabolome Database. Nucleic Acids Res, 2007. 35(Database issue): p. D521-6.Engelke, U., et al., Handbook of H-NMR spectroscopy in Inborn Errors of Metabolism Body fluid NMR apectroscopy and Brain MR spectroscopy. 3rd ed. 2014, Netherlands: Bruker.;;;;;;;;;;;;;;;;;;;;;;;
ala_B;Wishart, D.S., et al., HMDB: the Human Metabolome Database. Nucleic Acids Res, 2007. 35(Database issue): p. D521-6.Engelke, U., et al., Handbook of H-NMR spectroscopy in Inborn Errors of Metabolism Body fluid NMR apectroscopy and Brain MR spectroscopy. 3rd ed. 2014, Netherlands: Bruker.;;;;;;;;;;;;;;;;;;;;;;;
ala_D;Wishart, D.S., et al., HMDB: the Human Metabolome Database. Nucleic Acids Res, 2007. 35(Database issue): p. D521-6.;;;;;;;;;;;;;;;;;;;;;;;
ala_L;Wishart, D.S., et al., HMDB: the Human Metabolome Database. Nucleic Acids Res, 2007. 35(Database issue): p. D521-6.http://www.metabolomicscentre.nl/;;;;;;;;;;;;;;;;;;;;;;;
ala_L;Wishart, D.S., et al., HMDB: the Human Metabolome Database. Nucleic Acids Res, 2007. 35(Database issue): p. D521-6.http://www.metabolomicscentre.nl/;;;;;;;;;;;;;;;;;;;;;;;
alltn;Wishart, D.S., et al., HMDB: the Human Metabolome Database. Nucleic Acids Res, 2007. 35(Database issue): p. D521-6.PMID: 24816252;;;;;;;;;;;;;;;;;;;;;;;
amet;Wishart, D.S., et al., HMDB: the Human Metabolome Database. Nucleic Acids Res, 2007. 35(Database issue): p. D521-6.Engelke, U., et al., Handbook of H-NMR spectroscopy in Inborn Errors of Metabolism Body fluid NMR apectroscopy and Brain MR spectroscopy. 3rd ed. 2014, Netherlands: Bruker.;;;;;;;;;;;;;;;;;;;;;;;
ametam;Wishart, D.S., et al., HMDB: the Human Metabolome Database. Nucleic Acids Res, 2007. 35(Database issue): p. D521-6.;;;;;;;;;;;;;;;;;;;;;;;
amp;Wishart, D.S., et al., HMDB: the Human Metabolome Database. Nucleic Acids Res, 2007. 35(Database issue): p. D521-6.;;;;;;;;;;;;;;;;;;;;;;;
amp;Wishart, D.S., et al., HMDB: the Human Metabolome Database. Nucleic Acids Res, 2007. 35(Database issue): p. D521-6.;;;;;;;;;;;;;;;;;;;;;;;
andrstndn;Wishart, D.S., et al., HMDB: the Human Metabolome Database. Nucleic Acids Res, 2007. 35(Database issue): p. D521-6.PMID: 22424236;;;;;;;;;;;;;;;;;;;;;;;
andrstrn;Wishart, D.S., et al., HMDB: the Human Metabolome Database. Nucleic Acids Res, 2007. 35(Database issue): p. D521-6.PMID: 22424236;;;;;;;;;;;;;;;;;;;;;;;
anth;Wishart, D.S., et al., HMDB: the Human Metabolome Database. Nucleic Acids Res, 2007. 35(Database issue): p. D521-6.;;;;;;;;;;;;;;;;;;;;;;;
anth;Wishart, D.S., et al., HMDB: the Human Metabolome Database. Nucleic Acids Res, 2007. 35(Database issue): p. D521-6.;;;;;;;;;;;;;;;;;;;;;;;
arab_L;Wishart, D.S., et al., HMDB: the Human Metabolome Database. Nucleic Acids Res, 2007. 35(Database issue): p. D521-6.Engelke, U., et al., Handbook of H-NMR spectroscopy in Inborn Errors of Metabolism Body fluid NMR apectroscopy and Brain MR spectroscopy. 3rd ed. 2014, Netherlands: Bruker.;;;;;;;;;;;;;;;;;;;;;;;
arab_L;Wishart, D.S., et al., HMDB: the Human Metabolome Database. Nucleic Acids Res, 2007. 35(Database issue): p. D521-6.Engelke, U., et al., Handbook of H-NMR spectroscopy in Inborn Errors of Metabolism Body fluid NMR apectroscopy and Brain MR spectroscopy. 3rd ed. 2014, Netherlands: Bruker.;;;;;;;;;;;;;;;;;;;;;;;
arachd;Wishart, D.S., et al., HMDB: the Human Metabolome Database. Nucleic Acids Res, 2007. 35(Database issue): p. D521-6.PMID: 24816252;;;;;;;;;;;;;;;;;;;;;;;
arachd;Wishart, D.S., et al., HMDB: the Human Metabolome Database. Nucleic Acids Res, 2007. 35(Database issue): p. D521-6.PMID: 24816252;;;;;;;;;;;;;;;;;;;;;;;
arg_L;Wishart, D.S., et al., HMDB: the Human Metabolome Database. Nucleic Acids Res, 2007. 35(Database issue): p. D521-6.PMID: 20037589, PMID: 16032513, PMID: 21852955;;;;;;;;;;;;;;;;;;;;;;;
arg_L;Wishart, D.S., et al., HMDB: the Human Metabolome Database. Nucleic Acids Res, 2007. 35(Database issue): p. D521-6.PMID: 20037589, PMID: 16032513, PMID: 21852955;;;;;;;;;;;;;;;;;;;;;;;
ascb_L;Wishart, D.S., et al., HMDB: the Human Metabolome Database. Nucleic Acids Res, 2007. 35(Database issue): p. D521-6.PMID: 24816252;;;;;;;;;;;;;;;;;;;;;;;
ascb_L;Wishart, D.S., et al., HMDB: the Human Metabolome Database. Nucleic Acids Res, 2007. 35(Database issue): p. D521-6.PMID: 24816252;;;;;;;;;;;;;;;;;;;;;;;
asn_L;Wishart, D.S., et al., HMDB: the Human Metabolome Database. Nucleic Acids Res, 2007. 35(Database issue): p. D521-6.http://www.metabolomicscentre.nl/;;;;;;;;;;;;;;;;;;;;;;;
asn_L;Wishart, D.S., et al., HMDB: the Human Metabolome Database. Nucleic Acids Res, 2007. 35(Database issue): p. D521-6.http://www.metabolomicscentre.nl/;;;;;;;;;;;;;;;;;;;;;;;
asp_L;Wishart, D.S., et al., HMDB: the Human Metabolome Database. Nucleic Acids Res, 2007. 35(Database issue): p. D521-6.Engelke, U., et al., Handbook of H-NMR spectroscopy in Inborn Errors of Metabolism Body fluid NMR apectroscopy and Brain MR spectroscopy. 3rd ed. 2014, Netherlands: Bruker.;;;;;;;;;;;;;;;;;;;;;;;
asp_L;Wishart, D.S., et al., HMDB: the Human Metabolome Database. Nucleic Acids Res, 2007. 35(Database issue): p. D521-6.Engelke, U., et al., Handbook of H-NMR spectroscopy in Inborn Errors of Metabolism Body fluid NMR apectroscopy and Brain MR spectroscopy. 3rd ed. 2014, Netherlands: Bruker.;;;;;;;;;;;;;;;;;;;;;;;
atp;Wishart, D.S., et al., HMDB: the Human Metabolome Database. Nucleic Acids Res, 2007. 35(Database issue): p. D521-6.;;;;;;;;;;;;;;;;;;;;;;;
atp;Wishart, D.S., et al., HMDB: the Human Metabolome Database. Nucleic Acids Res, 2007. 35(Database issue): p. D521-6.;;;;;;;;;;;;;;;;;;;;;;;
avite1;Wishart, D.S., et al., HMDB: the Human Metabolome Database. Nucleic Acids Res, 2007. 35(Database issue): p. D521-6.PMID: 24816252;;;;;;;;;;;;;;;;;;;;;;;
avite1;Wishart, D.S., et al., HMDB: the Human Metabolome Database. Nucleic Acids Res, 2007. 35(Database issue): p. D521-6.PMID: 24816252;;;;;;;;;;;;;;;;;;;;;;;
bgly;Wishart, D.S., et al., HMDB: the Human Metabolome Database. Nucleic Acids Res, 2007. 35(Database issue): p. D521-6.http://www.metabolomicscentre.nl/;;;;;;;;;;;;;;;;;;;;;;;
bhb;Wishart, D.S., et al., HMDB: the Human Metabolome Database. Nucleic Acids Res, 2007. 35(Database issue): p. D521-6.PMID: 24816252;;;;;;;;;;;;;;;;;;;;;;;
bhb;Wishart, D.S., et al., HMDB: the Human Metabolome Database. Nucleic Acids Res, 2007. 35(Database issue): p. D521-6.PMID: 24816252;;;;;;;;;;;;;;;;;;;;;;;
bilirub;Wishart, D.S., et al., HMDB: the Human Metabolome Database. Nucleic Acids Res, 2007. 35(Database issue): p. D521-6.PMID: 24816252;;;;;;;;;;;;;;;;;;;;;;;
bilirub;Wishart, D.S., et al., HMDB: the Human Metabolome Database. Nucleic Acids Res, 2007. 35(Database issue): p. D521-6.PMID: 24816252;;;;;;;;;;;;;;;;;;;;;;;
btn;Wishart, D.S., et al., HMDB: the Human Metabolome Database. Nucleic Acids Res, 2007. 35(Database issue): p. D521-6.;;;;;;;;;;;;;;;;;;;;;;;
btn;Wishart, D.S., et al., HMDB: the Human Metabolome Database. Nucleic Acids Res, 2007. 35(Database issue): p. D521-6.;;;;;;;;;;;;;;;;;;;;;;;
but;Wishart, D.S., et al., HMDB: the Human Metabolome Database. Nucleic Acids Res, 2007. 35(Database issue): p. D521-6.;;;;;;;;;;;;;;;;;;;;;;;
but;Wishart, D.S., et al., HMDB: the Human Metabolome Database. Nucleic Acids Res, 2007. 35(Database issue): p. D521-6.;;;;;;;;;;;;;;;;;;;;;;;
C02356;Wishart, D.S., et al., HMDB: the Human Metabolome Database. Nucleic Acids Res, 2007. 35(Database issue): p. D521-6.http://www.metabolomicscentre.nl/;;;;;;;;;;;;;;;;;;;;;;;
C04805;Wishart, D.S., et al., HMDB: the Human Metabolome Database. Nucleic Acids Res, 2007. 35(Database issue): p. D521-6.http://www.metabolomicscentre.nl/;;;;;;;;;;;;;;;;;;;;;;;
C08261;Wishart, D.S., et al., HMDB: the Human Metabolome Database. Nucleic Acids Res, 2007. 35(Database issue): p. D521-6.;;;;;;;;;;;;;;;;;;;;;;;
C09642;Wishart, D.S., et al., HMDB: the Human Metabolome Database. Nucleic Acids Res, 2007. 35(Database issue): p. D521-6.;;;;;;;;;;;;;;;;;;;;;;;
C10164;Wishart, D.S., et al., HMDB: the Human Metabolome Database. Nucleic Acids Res, 2007. 35(Database issue): p. D521-6.;;;;;;;;;;;;;;;;;;;;;;;
C11695;Wishart, D.S., et al., HMDB: the Human Metabolome Database. Nucleic Acids Res, 2007. 35(Database issue): p. D521-6.http://www.metabolomicscentre.nl/;;;;;;;;;;;;;;;;;;;;;;;
C13856;Wishart, D.S., et al., HMDB: the Human Metabolome Database. Nucleic Acids Res, 2007. 35(Database issue): p. D521-6.http://www.metabolomicscentre.nl/;;;;;;;;;;;;;;;;;;;;;;;
C14771;Wishart, D.S., et al., HMDB: the Human Metabolome Database. Nucleic Acids Res, 2007. 35(Database issue): p. D521-6.http://www.metabolomicscentre.nl/;;;;;;;;;;;;;;;;;;;;;;;
C14825;Wishart, D.S., et al., HMDB: the Human Metabolome Database. Nucleic Acids Res, 2007. 35(Database issue): p. D521-6.http://www.metabolomicscentre.nl/;;;;;;;;;;;;;;;;;;;;;;;
C14826;Wishart, D.S., et al., HMDB: the Human Metabolome Database. Nucleic Acids Res, 2007. 35(Database issue): p. D521-6.http://www.metabolomicscentre.nl/;;;;;;;;;;;;;;;;;;;;;;;
c4crn;Wishart, D.S., et al., HMDB: the Human Metabolome Database. Nucleic Acids Res, 2007. 35(Database issue): p. D521-6.PMID: 24816252;;;;;;;;;;;;;;;;;;;;;;;
ca2;Wishart, D.S., et al., HMDB: the Human Metabolome Database. Nucleic Acids Res, 2007. 35(Database issue): p. D521-6.;;;;;;;;;;;;;;;;;;;;;;;
cala;Wishart, D.S., et al., HMDB: the Human Metabolome Database. Nucleic Acids Res, 2007. 35(Database issue): p. D521-6.Engelke, U., et al., Handbook of H-NMR spectroscopy in Inborn Errors of Metabolism Body fluid NMR apectroscopy and Brain MR spectroscopy. 3rd ed. 2014, Netherlands: Bruker.;;;;;;;;;;;;;;;;;;;;;;;
cala;Wishart, D.S., et al., HMDB: the Human Metabolome Database. Nucleic Acids Res, 2007. 35(Database issue): p. D521-6.Engelke, U., et al., Handbook of H-NMR spectroscopy in Inborn Errors of Metabolism Body fluid NMR apectroscopy and Brain MR spectroscopy. 3rd ed. 2014, Netherlands: Bruker.;;;;;;;;;;;;;;;;;;;;;;;
camp;Wishart, D.S., et al., HMDB: the Human Metabolome Database. Nucleic Acids Res, 2007. 35(Database issue): p. D521-6.;;;;;;;;;;;;;;;;;;;;;;;
camp;Wishart, D.S., et al., HMDB: the Human Metabolome Database. Nucleic Acids Res, 2007. 35(Database issue): p. D521-6.;;;;;;;;;;;;;;;;;;;;;;;
CE0737;Wishart, D.S., et al., HMDB: the Human Metabolome Database. Nucleic Acids Res, 2007. 35(Database issue): p. D521-6.;;;;;;;;;;;;;;;;;;;;;;;
CE0955;Wishart, D.S., et al., HMDB: the Human Metabolome Database. Nucleic Acids Res, 2007. 35(Database issue): p. D521-6.http://www.metabolomicscentre.nl/;;;;;;;;;;;;;;;;;;;;;;;
CE1297;Wishart, D.S., et al., HMDB: the Human Metabolome Database. Nucleic Acids Res, 2007. 35(Database issue): p. D521-6.Engelke, U., et al., Handbook of H-NMR spectroscopy in Inborn Errors of Metabolism Body fluid NMR apectroscopy and Brain MR spectroscopy. 3rd ed. 2014, Netherlands: Bruker.;;;;;;;;;;;;;;;;;;;;;;;
CE1918;Wishart, D.S., et al., HMDB: the Human Metabolome Database. Nucleic Acids Res, 2007. 35(Database issue): p. D521-6.;;;;;;;;;;;;;;;;;;;;;;;
CE2006;Wishart, D.S., et al., HMDB: the Human Metabolome Database. Nucleic Acids Res, 2007. 35(Database issue): p. D521-6.;;;;;;;;;;;;;;;;;;;;;;;
CE2028;Wishart, D.S., et al., HMDB: the Human Metabolome Database. Nucleic Acids Res, 2007. 35(Database issue): p. D521-6.Engelke, U., et al., Handbook of H-NMR spectroscopy in Inborn Errors of Metabolism Body fluid NMR apectroscopy and Brain MR spectroscopy. 3rd ed. 2014, Netherlands: Bruker.;;;;;;;;;;;;;;;;;;;;;;;
CE2047;Wishart, D.S., et al., HMDB: the Human Metabolome Database. Nucleic Acids Res, 2007. 35(Database issue): p. D521-6.;;;;;;;;;;;;;;;;;;;;;;;
CE2049;Wishart, D.S., et al., HMDB: the Human Metabolome Database. Nucleic Acids Res, 2007. 35(Database issue): p. D521-6.;;;;;;;;;;;;;;;;;;;;;;;
CE2176;Wishart, D.S., et al., HMDB: the Human Metabolome Database. Nucleic Acids Res, 2007. 35(Database issue): p. D521-6.http://www.metabolomicscentre.nl/;;;;;;;;;;;;;;;;;;;;;;;
CE2211;Wishart, D.S., et al., HMDB: the Human Metabolome Database. Nucleic Acids Res, 2007. 35(Database issue): p. D521-6.;;;;;;;;;;;;;;;;;;;;;;;
CE2705;Wishart, D.S., et al., HMDB: the Human Metabolome Database. Nucleic Acids Res, 2007. 35(Database issue): p. D521-6.;;;;;;;;;;;;;;;;;;;;;;;
CE4890;Wishart, D.S., et al., HMDB: the Human Metabolome Database. Nucleic Acids Res, 2007. 35(Database issue): p. D521-6.;;;;;;;;;;;;;;;;;;;;;;;
CE5643;Wishart, D.S., et al., HMDB: the Human Metabolome Database. Nucleic Acids Res, 2007. 35(Database issue): p. D521-6.;;;;;;;;;;;;;;;;;;;;;;;
CE6205;Wishart, D.S., et al., HMDB: the Human Metabolome Database. Nucleic Acids Res, 2007. 35(Database issue): p. D521-6.;;;;;;;;;;;;;;;;;;;;;;;
cgly;Wishart, D.S., et al., HMDB: the Human Metabolome Database. Nucleic Acids Res, 2007. 35(Database issue): p. D521-6.;;;;;;;;;;;;;;;;;;;;;;;
cgly;Wishart, D.S., et al., HMDB: the Human Metabolome Database. Nucleic Acids Res, 2007. 35(Database issue): p. D521-6.;;;;;;;;;;;;;;;;;;;;;;;
chol;Wishart, D.S., et al., HMDB: the Human Metabolome Database. Nucleic Acids Res, 2007. 35(Database issue): p. D521-6.PMID: 24816252;;;;;;;;;;;;;;;;;;;;;;;
chol;Wishart, D.S., et al., HMDB: the Human Metabolome Database. Nucleic Acids Res, 2007. 35(Database issue): p. D521-6.PMID: 24816252;;;;;;;;;;;;;;;;;;;;;;;
cholp;Wishart, D.S., et al., HMDB: the Human Metabolome Database. Nucleic Acids Res, 2007. 35(Database issue): p. D521-6.;;;;;;;;;;;;;;;;;;;;;;;
chsterol;Wishart, D.S., et al., HMDB: the Human Metabolome Database. Nucleic Acids Res, 2007. 35(Database issue): p. D521-6.PMID: 24816252;;;;;;;;;;;;;;;;;;;;;;;
chsterol;Wishart, D.S., et al., HMDB: the Human Metabolome Database. Nucleic Acids Res, 2007. 35(Database issue): p. D521-6.PMID: 24816252;;;;;;;;;;;;;;;;;;;;;;;
cit;Wishart, D.S., et al., HMDB: the Human Metabolome Database. Nucleic Acids Res, 2007. 35(Database issue): p. D521-6.PMID: 24816252;;;;;;;;;;;;;;;;;;;;;;;
cit;Wishart, D.S., et al., HMDB: the Human Metabolome Database. Nucleic Acids Res, 2007. 35(Database issue): p. D521-6.PMID: 24816252;;;;;;;;;;;;;;;;;;;;;;;
citr_L;Wishart, D.S., et al., HMDB: the Human Metabolome Database. Nucleic Acids Res, 2007. 35(Database issue): p. D521-6.Engelke, U., et al., Handbook of H-NMR spectroscopy in Inborn Errors of Metabolism Body fluid NMR apectroscopy and Brain MR spectroscopy. 3rd ed. 2014, Netherlands: Bruker.;;;;;;;;;;;;;;;;;;;;;;;
cl;Wishart, D.S., et al., HMDB: the Human Metabolome Database. Nucleic Acids Res, 2007. 35(Database issue): p. D521-6.;;;;;;;;;;;;;;;;;;;;;;;
cl;Wishart, D.S., et al., HMDB: the Human Metabolome Database. Nucleic Acids Res, 2007. 35(Database issue): p. D521-6.;;;;;;;;;;;;;;;;;;;;;;;
creat;Wishart, D.S., et al., HMDB: the Human Metabolome Database. Nucleic Acids Res, 2007. 35(Database issue): p. D521-6.PMID: 24816252;;;;;;;;;;;;;;;;;;;;;;;
creat;Wishart, D.S., et al., HMDB: the Human Metabolome Database. Nucleic Acids Res, 2007. 35(Database issue): p. D521-6.PMID: 24816252;;;;;;;;;;;;;;;;;;;;;;;
crn;Wishart, D.S., et al., HMDB: the Human Metabolome Database. Nucleic Acids Res, 2007. 35(Database issue): p. D521-6.PMID: 24816252;;;;;;;;;;;;;;;;;;;;;;;
crn;Wishart, D.S., et al., HMDB: the Human Metabolome Database. Nucleic Acids Res, 2007. 35(Database issue): p. D521-6.PMID: 24816252;;;;;;;;;;;;;;;;;;;;;;;
crtn;Wishart, D.S., et al., HMDB: the Human Metabolome Database. Nucleic Acids Res, 2007. 35(Database issue): p. D521-6.PMID: 24816252;;;;;;;;;;;;;;;;;;;;;;;
crtn;Wishart, D.S., et al., HMDB: the Human Metabolome Database. Nucleic Acids Res, 2007. 35(Database issue): p. D521-6.PMID: 24816252;;;;;;;;;;;;;;;;;;;;;;;
crtsl;Wishart, D.S., et al., HMDB: the Human Metabolome Database. Nucleic Acids Res, 2007. 35(Database issue): p. D521-6.PMID: 24816252;;;;;;;;;;;;;;;;;;;;;;;
crtsl;Wishart, D.S., et al., HMDB: the Human Metabolome Database. Nucleic Acids Res, 2007. 35(Database issue): p. D521-6.PMID: 24816252;;;;;;;;;;;;;;;;;;;;;;;
crvnc;Wishart, D.S., et al., HMDB: the Human Metabolome Database. Nucleic Acids Res, 2007. 35(Database issue): p. D521-6.http://www.metabolomicscentre.nl/;;;;;;;;;;;;;;;;;;;;;;;
crvnc;Wishart, D.S., et al., HMDB: the Human Metabolome Database. Nucleic Acids Res, 2007. 35(Database issue): p. D521-6.http://www.metabolomicscentre.nl/;;;;;;;;;;;;;;;;;;;;;;;
cys_L;Wishart, D.S., et al., HMDB: the Human Metabolome Database. Nucleic Acids Res, 2007. 35(Database issue): p. D521-6.Engelke, U., et al., Handbook of H-NMR spectroscopy in Inborn Errors of Metabolism Body fluid NMR apectroscopy and Brain MR spectroscopy. 3rd ed. 2014, Netherlands: Bruker.;;;;;;;;;;;;;;;;;;;;;;;
cys_L;Wishart, D.S., et al., HMDB: the Human Metabolome Database. Nucleic Acids Res, 2007. 35(Database issue): p. D521-6.Engelke, U., et al., Handbook of H-NMR spectroscopy in Inborn Errors of Metabolism Body fluid NMR apectroscopy and Brain MR spectroscopy. 3rd ed. 2014, Netherlands: Bruker.;;;;;;;;;;;;;;;;;;;;;;;
cyst_L;Wishart, D.S., et al., HMDB: the Human Metabolome Database. Nucleic Acids Res, 2007. 35(Database issue): p. D521-6.http://www.metabolomicscentre.nl/;;;;;;;;;;;;;;;;;;;;;;;
cyst_L;Wishart, D.S., et al., HMDB: the Human Metabolome Database. Nucleic Acids Res, 2007. 35(Database issue): p. D521-6.http://www.metabolomicscentre.nl/;;;;;;;;;;;;;;;;;;;;;;;
cytd;Wishart, D.S., et al., HMDB: the Human Metabolome Database. Nucleic Acids Res, 2007. 35(Database issue): p. D521-6.Engelke, U., et al., Handbook of H-NMR spectroscopy in Inborn Errors of Metabolism Body fluid NMR apectroscopy and Brain MR spectroscopy. 3rd ed. 2014, Netherlands: Bruker.;;;;;;;;;;;;;;;;;;;;;;;
cytd;Wishart, D.S., et al., HMDB: the Human Metabolome Database. Nucleic Acids Res, 2007. 35(Database issue): p. D521-6.Engelke, U., et al., Handbook of H-NMR spectroscopy in Inborn Errors of Metabolism Body fluid NMR apectroscopy and Brain MR spectroscopy. 3rd ed. 2014, Netherlands: Bruker.;;;;;;;;;;;;;;;;;;;;;;;
ddca;Wishart, D.S., et al., HMDB: the Human Metabolome Database. Nucleic Acids Res, 2007. 35(Database issue): p. D521-6.PMID: 24816252;;;;;;;;;;;;;;;;;;;;;;;
ddca;Wishart, D.S., et al., HMDB: the Human Metabolome Database. Nucleic Acids Res, 2007. 35(Database issue): p. D521-6.PMID: 24816252;;;;;;;;;;;;;;;;;;;;;;;
dhbpt;Wishart, D.S., et al., HMDB: the Human Metabolome Database. Nucleic Acids Res, 2007. 35(Database issue): p. D521-6.;;;;;;;;;;;;;;;;;;;;;;;
dhea;Wishart, D.S., et al., HMDB: the Human Metabolome Database. Nucleic Acids Res, 2007. 35(Database issue): p. D521-6.;;;;;;;;;;;;;;;;;;;;;;;
dopa;Wishart, D.S., et al., HMDB: the Human Metabolome Database. Nucleic Acids Res, 2007. 35(Database issue): p. D521-6.http://www.metabolomicscentre.nl/;;;;;;;;;;;;;;;;;;;;;;;
dopa;Wishart, D.S., et al., HMDB: the Human Metabolome Database. Nucleic Acids Res, 2007. 35(Database issue): p. D521-6.http://www.metabolomicscentre.nl/;;;;;;;;;;;;;;;;;;;;;;;
duri;Wishart, D.S., et al., HMDB: the Human Metabolome Database. Nucleic Acids Res, 2007. 35(Database issue): p. D521-6.Engelke, U., et al., Handbook of H-NMR spectroscopy in Inborn Errors of Metabolism Body fluid NMR apectroscopy and Brain MR spectroscopy. 3rd ed. 2014, Netherlands: Bruker.;;;;;;;;;;;;;;;;;;;;;;;
duri;Wishart, D.S., et al., HMDB: the Human Metabolome Database. Nucleic Acids Res, 2007. 35(Database issue): p. D521-6.Engelke, U., et al., Handbook of H-NMR spectroscopy in Inborn Errors of Metabolism Body fluid NMR apectroscopy and Brain MR spectroscopy. 3rd ed. 2014, Netherlands: Bruker.;;;;;;;;;;;;;;;;;;;;;;;
estradiol;Wishart, D.S., et al., HMDB: the Human Metabolome Database. Nucleic Acids Res, 2007. 35(Database issue): p. D521-6.;;;;;;;;;;;;;;;;;;;;;;;
estradiol;Wishart, D.S., et al., HMDB: the Human Metabolome Database. Nucleic Acids Res, 2007. 35(Database issue): p. D521-6.;;;;;;;;;;;;;;;;;;;;;;;
etha;Wishart, D.S., et al., HMDB: the Human Metabolome Database. Nucleic Acids Res, 2007. 35(Database issue): p. D521-6.http://www.metabolomicscentre.nl/;;;;;;;;;;;;;;;;;;;;;;;
etha;Wishart, D.S., et al., HMDB: the Human Metabolome Database. Nucleic Acids Res, 2007. 35(Database issue): p. D521-6.http://www.metabolomicscentre.nl/;;;;;;;;;;;;;;;;;;;;;;;
ethamp;Wishart, D.S., et al., HMDB: the Human Metabolome Database. Nucleic Acids Res, 2007. 35(Database issue): p. D521-6.http://www.metabolomicscentre.nl/;;;;;;;;;;;;;;;;;;;;;;;
ethamp;Wishart, D.S., et al., HMDB: the Human Metabolome Database. Nucleic Acids Res, 2007. 35(Database issue): p. D521-6.http://www.metabolomicscentre.nl/;;;;;;;;;;;;;;;;;;;;;;;
etoh;Wishart, D.S., et al., HMDB: the Human Metabolome Database. Nucleic Acids Res, 2007. 35(Database issue): p. D521-6.;;;;;;;;;;;;;;;;;;;;;;;
etoh;Wishart, D.S., et al., HMDB: the Human Metabolome Database. Nucleic Acids Res, 2007. 35(Database issue): p. D521-6.;;;;;;;;;;;;;;;;;;;;;;;
fe2;Wishart, D.S., et al., HMDB: the Human Metabolome Database. Nucleic Acids Res, 2007. 35(Database issue): p. D521-6.;;;;;;;;;;;;;;;;;;;;;;;
fe2;Wishart, D.S., et al., HMDB: the Human Metabolome Database. Nucleic Acids Res, 2007. 35(Database issue): p. D521-6.;;;;;;;;;;;;;;;;;;;;;;;
fna5moxam;Wishart, D.S., et al., HMDB: the Human Metabolome Database. Nucleic Acids Res, 2007. 35(Database issue): p. D521-6.;;;;;;;;;;;;;;;;;;;;;;;
fol;Wishart, D.S., et al., HMDB: the Human Metabolome Database. Nucleic Acids Res, 2007. 35(Database issue): p. D521-6.;;;;;;;;;;;;;;;;;;;;;;;
fol;Wishart, D.S., et al., HMDB: the Human Metabolome Database. Nucleic Acids Res, 2007. 35(Database issue): p. D521-6.;;;;;;;;;;;;;;;;;;;;;;;
for;Wishart, D.S., et al., HMDB: the Human Metabolome Database. Nucleic Acids Res, 2007. 35(Database issue): p. D521-6.;;;;;;;;;;;;;;;;;;;;;;;
for;Wishart, D.S., et al., HMDB: the Human Metabolome Database. Nucleic Acids Res, 2007. 35(Database issue): p. D521-6.;;;;;;;;;;;;;;;;;;;;;;;
fru;Wishart, D.S., et al., HMDB: the Human Metabolome Database. Nucleic Acids Res, 2007. 35(Database issue): p. D521-6.PMID: 24816252;;;;;;;;;;;;;;;;;;;;;;;
fru;Wishart, D.S., et al., HMDB: the Human Metabolome Database. Nucleic Acids Res, 2007. 35(Database issue): p. D521-6.PMID: 24816252;;;;;;;;;;;;;;;;;;;;;;;
fum;Wishart, D.S., et al., HMDB: the Human Metabolome Database. Nucleic Acids Res, 2007. 35(Database issue): p. D521-6.Engelke, U., et al., Handbook of H-NMR spectroscopy in Inborn Errors of Metabolism Body fluid NMR apectroscopy and Brain MR spectroscopy. 3rd ed. 2014, Netherlands: Bruker.;;;;;;;;;;;;;;;;;;;;;;;
fum;Wishart, D.S., et al., HMDB: the Human Metabolome Database. Nucleic Acids Res, 2007. 35(Database issue): p. D521-6.Engelke, U., et al., Handbook of H-NMR spectroscopy in Inborn Errors of Metabolism Body fluid NMR apectroscopy and Brain MR spectroscopy. 3rd ed. 2014, Netherlands: Bruker.;;;;;;;;;;;;;;;;;;;;;;;
g3pc;Wishart, D.S., et al., HMDB: the Human Metabolome Database. Nucleic Acids Res, 2007. 35(Database issue): p. D521-6.PMID: 24816252;;;;;;;;;;;;;;;;;;;;;;;
g3pc;Wishart, D.S., et al., HMDB: the Human Metabolome Database. Nucleic Acids Res, 2007. 35(Database issue): p. D521-6.PMID: 24816252;;;;;;;;;;;;;;;;;;;;;;;
gal;Wishart, D.S., et al., HMDB: the Human Metabolome Database. Nucleic Acids Res, 2007. 35(Database issue): p. D521-6.Engelke, U., et al., Handbook of H-NMR spectroscopy in Inborn Errors of Metabolism Body fluid NMR apectroscopy and Brain MR spectroscopy. 3rd ed. 2014, Netherlands: Bruker.;;;;;;;;;;;;;;;;;;;;;;;
gal;Wishart, D.S., et al., HMDB: the Human Metabolome Database. Nucleic Acids Res, 2007. 35(Database issue): p. D521-6.Engelke, U., et al., Handbook of H-NMR spectroscopy in Inborn Errors of Metabolism Body fluid NMR apectroscopy and Brain MR spectroscopy. 3rd ed. 2014, Netherlands: Bruker.;;;;;;;;;;;;;;;;;;;;;;;
galt;Wishart, D.S., et al., HMDB: the Human Metabolome Database. Nucleic Acids Res, 2007. 35(Database issue): p. D521-6.Engelke, U., et al., Handbook of H-NMR spectroscopy in Inborn Errors of Metabolism Body fluid NMR apectroscopy and Brain MR spectroscopy. 3rd ed. 2014, Netherlands: Bruker.;;;;;;;;;;;;;;;;;;;;;;;
gdp;Wishart, D.S., et al., HMDB: the Human Metabolome Database. Nucleic Acids Res, 2007. 35(Database issue): p. D521-6.;;;;;;;;;;;;;;;;;;;;;;;
gdp;Wishart, D.S., et al., HMDB: the Human Metabolome Database. Nucleic Acids Res, 2007. 35(Database issue): p. D521-6.;;;;;;;;;;;;;;;;;;;;;;;
glc_D;Wishart, D.S., et al., HMDB: the Human Metabolome Database. Nucleic Acids Res, 2007. 35(Database issue): p. D521-6.PMID: 24816252;;;;;;;;;;;;;;;;;;;;;;;
glc_D;Wishart, D.S., et al., HMDB: the Human Metabolome Database. Nucleic Acids Res, 2007. 35(Database issue): p. D521-6.PMID: 24816252;;;;;;;;;;;;;;;;;;;;;;;
gln_L;Wishart, D.S., et al., HMDB: the Human Metabolome Database. Nucleic Acids Res, 2007. 35(Database issue): p. D521-6.PMID: 20037589, PMID: 16032513, PMID: 21852955;;;;;;;;;;;;;;;;;;;;;;;
gln_L;Wishart, D.S., et al., HMDB: the Human Metabolome Database. Nucleic Acids Res, 2007. 35(Database issue): p. D521-6.PMID: 20037589, PMID: 16032513, PMID: 21852955;;;;;;;;;;;;;;;;;;;;;;;
glu_L;Wishart, D.S., et al., HMDB: the Human Metabolome Database. Nucleic Acids Res, 2007. 35(Database issue): p. D521-6.Engelke, U., et al., Handbook of H-NMR spectroscopy in Inborn Errors of Metabolism Body fluid NMR apectroscopy and Brain MR spectroscopy. 3rd ed. 2014, Netherlands: Bruker.;;;;;;;;;;;;;;;;;;;;;;;
glu_L;Wishart, D.S., et al., HMDB: the Human Metabolome Database. Nucleic Acids Res, 2007. 35(Database issue): p. D521-6.Engelke, U., et al., Handbook of H-NMR spectroscopy in Inborn Errors of Metabolism Body fluid NMR apectroscopy and Brain MR spectroscopy. 3rd ed. 2014, Netherlands: Bruker.;;;;;;;;;;;;;;;;;;;;;;;
glu_L;Wishart, D.S., et al., HMDB: the Human Metabolome Database. Nucleic Acids Res, 2007. 35(Database issue): p. D521-6.Engelke, U., et al., Handbook of H-NMR spectroscopy in Inborn Errors of Metabolism Body fluid NMR apectroscopy and Brain MR spectroscopy. 3rd ed. 2014, Netherlands: Bruker.;;;;;;;;;;;;;;;;;;;;;;;
glx;Wishart, D.S., et al., HMDB: the Human Metabolome Database. Nucleic Acids Res, 2007. 35(Database issue): p. D521-6.Burgard, P., et al., Report on the practices of newborn screening for rare disorders implemented in Member States of the European Union, Candidate, Potential Candidate and EFTA Countries, in EU Tender ÒEvaluation of population newborn screening practices for rare disorders in Member States of the European Union. 2011.;;;;;;;;;;;;;;;;;;;;;;;
gly;Wishart, D.S., et al., HMDB: the Human Metabolome Database. Nucleic Acids Res, 2007. 35(Database issue): p. D521-6.PMID: 24816252;;;;;;;;;;;;;;;;;;;;;;;
gly;Wishart, D.S., et al., HMDB: the Human Metabolome Database. Nucleic Acids Res, 2007. 35(Database issue): p. D521-6.PMID: 24816252;;;;;;;;;;;;;;;;;;;;;;;
glyc;Wishart, D.S., et al., HMDB: the Human Metabolome Database. Nucleic Acids Res, 2007. 35(Database issue): p. D521-6.PMID: 24816252;;;;;;;;;;;;;;;;;;;;;;;
glyc;Wishart, D.S., et al., HMDB: the Human Metabolome Database. Nucleic Acids Res, 2007. 35(Database issue): p. D521-6.PMID: 24816252;;;;;;;;;;;;;;;;;;;;;;;
glyc_R;Wishart, D.S., et al., HMDB: the Human Metabolome Database. Nucleic Acids Res, 2007. 35(Database issue): p. D521-6.http://www.metabolomicscentre.nl/;;;;;;;;;;;;;;;;;;;;;;;
glyclt;Wishart, D.S., et al., HMDB: the Human Metabolome Database. Nucleic Acids Res, 2007. 35(Database issue): p. D521-6.http://www.metabolomicscentre.nl/;;;;;;;;;;;;;;;;;;;;;;;
glypro;Wishart, D.S., et al., HMDB: the Human Metabolome Database. Nucleic Acids Res, 2007. 35(Database issue): p. D521-6.Engelke, U., et al., Handbook of H-NMR spectroscopy in Inborn Errors of Metabolism Body fluid NMR apectroscopy and Brain MR spectroscopy. 3rd ed. 2014, Netherlands: Bruker.;;;;;;;;;;;;;;;;;;;;;;;
gthox;Wishart, D.S., et al., HMDB: the Human Metabolome Database. Nucleic Acids Res, 2007. 35(Database issue): p. D521-6.;;;;;;;;;;;;;;;;;;;;;;;
gthox;Wishart, D.S., et al., HMDB: the Human Metabolome Database. Nucleic Acids Res, 2007. 35(Database issue): p. D521-6.;;;;;;;;;;;;;;;;;;;;;;;
gthrd;Wishart, D.S., et al., HMDB: the Human Metabolome Database. Nucleic Acids Res, 2007. 35(Database issue): p. D521-6.http://www.metabolomicscentre.nl/;;;;;;;;;;;;;;;;;;;;;;;
gthrd;Wishart, D.S., et al., HMDB: the Human Metabolome Database. Nucleic Acids Res, 2007. 35(Database issue): p. D521-6.http://www.metabolomicscentre.nl/;;;;;;;;;;;;;;;;;;;;;;;
gtp;Wishart, D.S., et al., HMDB: the Human Metabolome Database. Nucleic Acids Res, 2007. 35(Database issue): p. D521-6.;;;;;;;;;;;;;;;;;;;;;;;
gudac;Wishart, D.S., et al., HMDB: the Human Metabolome Database. Nucleic Acids Res, 2007. 35(Database issue): p. D521-6.Engelke, U., et al., Handbook of H-NMR spectroscopy in Inborn Errors of Metabolism Body fluid NMR apectroscopy and Brain MR spectroscopy. 3rd ed. 2014, Netherlands: Bruker.;;;;;;;;;;;;;;;;;;;;;;;
gudac;Wishart, D.S., et al., HMDB: the Human Metabolome Database. Nucleic Acids Res, 2007. 35(Database issue): p. D521-6.Engelke, U., et al., Handbook of H-NMR spectroscopy in Inborn Errors of Metabolism Body fluid NMR apectroscopy and Brain MR spectroscopy. 3rd ed. 2014, Netherlands: Bruker.;;;;;;;;;;;;;;;;;;;;;;;
h2o;Wishart, D.S., et al., HMDB: the Human Metabolome Database. Nucleic Acids Res, 2007. 35(Database issue): p. D521-6.;;;;;;;;;;;;;;;;;;;;;;;
h2o;Wishart, D.S., et al., HMDB: the Human Metabolome Database. Nucleic Acids Res, 2007. 35(Database issue): p. D521-6.;;;;;;;;;;;;;;;;;;;;;;;
HC00900;Wishart, D.S., et al., HMDB: the Human Metabolome Database. Nucleic Acids Res, 2007. 35(Database issue): p. D521-6.Engelke, U., et al., Handbook of H-NMR spectroscopy in Inborn Errors of Metabolism Body fluid NMR apectroscopy and Brain MR spectroscopy. 3rd ed. 2014, Netherlands: Bruker.;;;;;;;;;;;;;;;;;;;;;;;
HC02172;Wishart, D.S., et al., HMDB: the Human Metabolome Database. Nucleic Acids Res, 2007. 35(Database issue): p. D521-6.;;;;;;;;;;;;;;;;;;;;;;;
hco3;Wishart, D.S., et al., HMDB: the Human Metabolome Database. Nucleic Acids Res, 2007. 35(Database issue): p. D521-6.;;;;;;;;;;;;;;;;;;;;;;;
hcys_L;Wishart, D.S., et al., HMDB: the Human Metabolome Database. Nucleic Acids Res, 2007. 35(Database issue): p. D521-6.http://www.metabolomicscentre.nl/;;;;;;;;;;;;;;;;;;;;;;;
hcys_L;Wishart, D.S., et al., HMDB: the Human Metabolome Database. Nucleic Acids Res, 2007. 35(Database issue): p. D521-6.http://www.metabolomicscentre.nl/;;;;;;;;;;;;;;;;;;;;;;;
hdca;Wishart, D.S., et al., HMDB: the Human Metabolome Database. Nucleic Acids Res, 2007. 35(Database issue): p. D521-6.PMID: 24816252;;;;;;;;;;;;;;;;;;;;;;;
hdca;Wishart, D.S., et al., HMDB: the Human Metabolome Database. Nucleic Acids Res, 2007. 35(Database issue): p. D521-6.PMID: 24816252;;;;;;;;;;;;;;;;;;;;;;;
hdcea;Wishart, D.S., et al., HMDB: the Human Metabolome Database. Nucleic Acids Res, 2007. 35(Database issue): p. D521-6.PMID: 24816252;;;;;;;;;;;;;;;;;;;;;;;
hdcea;Wishart, D.S., et al., HMDB: the Human Metabolome Database. Nucleic Acids Res, 2007. 35(Database issue): p. D521-6.PMID: 24816252;;;;;;;;;;;;;;;;;;;;;;;
his_L;Wishart, D.S., et al., HMDB: the Human Metabolome Database. Nucleic Acids Res, 2007. 35(Database issue): p. D521-6.PMID: 20037589, PMID: 16032513, PMID: 21852955;;;;;;;;;;;;;;;;;;;;;;;
his_L;Wishart, D.S., et al., HMDB: the Human Metabolome Database. Nucleic Acids Res, 2007. 35(Database issue): p. D521-6.PMID: 20037589, PMID: 16032513, PMID: 21852955;;;;;;;;;;;;;;;;;;;;;;;
hista;Wishart, D.S., et al., HMDB: the Human Metabolome Database. Nucleic Acids Res, 2007. 35(Database issue): p. D521-6.http://www.metabolomicscentre.nl/;;;;;;;;;;;;;;;;;;;;;;;
hista;Wishart, D.S., et al., HMDB: the Human Metabolome Database. Nucleic Acids Res, 2007. 35(Database issue): p. D521-6.http://www.metabolomicscentre.nl/;;;;;;;;;;;;;;;;;;;;;;;
homoval;Wishart, D.S., et al., HMDB: the Human Metabolome Database. Nucleic Acids Res, 2007. 35(Database issue): p. D521-6.Burgard, P., et al., Report on the practices of newborn screening for rare disorders implemented in Member States of the European Union, Candidate, Potential Candidate and EFTA Countries, in EU Tender ÒEvaluation of population newborn screening practices for rare disorders in Member States of the European Union. 2011.;;;;;;;;;;;;;;;;;;;;;;;
homoval;Burgard, P., et al., Report on the practices of newborn screening for rare disorders implemented in Member States of the European Union, Candidate, Potential Candidate and EFTA Countries, in EU Tender ÒEvaluation of population newborn screening practices for rare disorders in Member States of the European Union. 2011.;;;;;;;;;;;;;;;;;;;;;;;
hxan;Wishart, D.S., et al., HMDB: the Human Metabolome Database. Nucleic Acids Res, 2007. 35(Database issue): p. D521-6.PMID: 24816252;;;;;;;;;;;;;;;;;;;;;;;
hxan;Wishart, D.S., et al., HMDB: the Human Metabolome Database. Nucleic Acids Res, 2007. 35(Database issue): p. D521-6.PMID: 24816252;;;;;;;;;;;;;;;;;;;;;;;
icit;Wishart, D.S., et al., HMDB: the Human Metabolome Database. Nucleic Acids Res, 2007. 35(Database issue): p. D521-6.http://www.metabolomicscentre.nl/;;;;;;;;;;;;;;;;;;;;;;;
icit;Wishart, D.S., et al., HMDB: the Human Metabolome Database. Nucleic Acids Res, 2007. 35(Database issue): p. D521-6.http://www.metabolomicscentre.nl/;;;;;;;;;;;;;;;;;;;;;;;
ile_L;Wishart, D.S., et al., HMDB: the Human Metabolome Database. Nucleic Acids Res, 2007. 35(Database issue): p. D521-6.Engelke, U., et al., Handbook of H-NMR spectroscopy in Inborn Errors of Metabolism Body fluid NMR apectroscopy and Brain MR spectroscopy. 3rd ed. 2014, Netherlands: Bruker.;;;;;;;;;;;;;;;;;;;;;;;
ile_L;Wishart, D.S., et al., HMDB: the Human Metabolome Database. Nucleic Acids Res, 2007. 35(Database issue): p. D521-6.Engelke, U., et al., Handbook of H-NMR spectroscopy in Inborn Errors of Metabolism Body fluid NMR apectroscopy and Brain MR spectroscopy. 3rd ed. 2014, Netherlands: Bruker.;;;;;;;;;;;;;;;;;;;;;;;
im4ac;Wishart, D.S., et al., HMDB: the Human Metabolome Database. Nucleic Acids Res, 2007. 35(Database issue): p. D521-6.;;;;;;;;;;;;;;;;;;;;;;;
imp;Wishart, D.S., et al., HMDB: the Human Metabolome Database. Nucleic Acids Res, 2007. 35(Database issue): p. D521-6.;;;;;;;;;;;;;;;;;;;;;;;
imp;Wishart, D.S., et al., HMDB: the Human Metabolome Database. Nucleic Acids Res, 2007. 35(Database issue): p. D521-6.;;;;;;;;;;;;;;;;;;;;;;;
ind3ac;Wishart, D.S., et al., HMDB: the Human Metabolome Database. Nucleic Acids Res, 2007. 35(Database issue): p. D521-6.PMID: 24816252;;;;;;;;;;;;;;;;;;;;;;;
inost;Wishart, D.S., et al., HMDB: the Human Metabolome Database. Nucleic Acids Res, 2007. 35(Database issue): p. D521-6.PMID: 24816252;;;;;;;;;;;;;;;;;;;;;;;
inost;Wishart, D.S., et al., HMDB: the Human Metabolome Database. Nucleic Acids Res, 2007. 35(Database issue): p. D521-6.PMID: 24816252;;;;;;;;;;;;;;;;;;;;;;;
ins;Wishart, D.S., et al., HMDB: the Human Metabolome Database. Nucleic Acids Res, 2007. 35(Database issue): p. D521-6.PMID: 24816252;;;;;;;;;;;;;;;;;;;;;;;
ins;Wishart, D.S., et al., HMDB: the Human Metabolome Database. Nucleic Acids Res, 2007. 35(Database issue): p. D521-6.PMID: 24816252;;;;;;;;;;;;;;;;;;;;;;;
iodine;Wishart, D.S., et al., HMDB: the Human Metabolome Database. Nucleic Acids Res, 2007. 35(Database issue): p. D521-6.;;;;;;;;;;;;;;;;;;;;;;;
k;Wishart, D.S., et al., HMDB: the Human Metabolome Database. Nucleic Acids Res, 2007. 35(Database issue): p. D521-6.;;;;;;;;;;;;;;;;;;;;;;;
k;Wishart, D.S., et al., HMDB: the Human Metabolome Database. Nucleic Acids Res, 2007. 35(Database issue): p. D521-6.;;;;;;;;;;;;;;;;;;;;;;;
kynate;Wishart, D.S., et al., HMDB: the Human Metabolome Database. Nucleic Acids Res, 2007. 35(Database issue): p. D521-6.;;;;;;;;;;;;;;;;;;;;;;;
kynate;Wishart, D.S., et al., HMDB: the Human Metabolome Database. Nucleic Acids Res, 2007. 35(Database issue): p. D521-6.;;;;;;;;;;;;;;;;;;;;;;;
lac_D;Wishart, D.S., et al., HMDB: the Human Metabolome Database. Nucleic Acids Res, 2007. 35(Database issue): p. D521-6.PMID: 24816252;;;;;;;;;;;;;;;;;;;;;;;
lac_L;Wishart, D.S., et al., HMDB: the Human Metabolome Database. Nucleic Acids Res, 2007. 35(Database issue): p. D521-6.Engelke, U., et al., Handbook of H-NMR spectroscopy in Inborn Errors of Metabolism Body fluid NMR apectroscopy and Brain MR spectroscopy. 3rd ed. 2014, Netherlands: Bruker.;;;;;;;;;;;;;;;;;;;;;;;
lac_L;Wishart, D.S., et al., HMDB: the Human Metabolome Database. Nucleic Acids Res, 2007. 35(Database issue): p. D521-6.Engelke, U., et al., Handbook of H-NMR spectroscopy in Inborn Errors of Metabolism Body fluid NMR apectroscopy and Brain MR spectroscopy. 3rd ed. 2014, Netherlands: Bruker.;;;;;;;;;;;;;;;;;;;;;;;
Lcystin;Wishart, D.S., et al., HMDB: the Human Metabolome Database. Nucleic Acids Res, 2007. 35(Database issue): p. D521-6.PMID: 24816252;;;;;;;;;;;;;;;;;;;;;;;
Lcystin;Wishart, D.S., et al., HMDB: the Human Metabolome Database. Nucleic Acids Res, 2007. 35(Database issue): p. D521-6.PMID: 24816252;;;;;;;;;;;;;;;;;;;;;;;
leu_L;Wishart, D.S., et al., HMDB: the Human Metabolome Database. Nucleic Acids Res, 2007. 35(Database issue): p. D521-6.Engelke, U., et al., Handbook of H-NMR spectroscopy in Inborn Errors of Metabolism Body fluid NMR apectroscopy and Brain MR spectroscopy. 3rd ed. 2014, Netherlands: Bruker.;;;;;;;;;;;;;;;;;;;;;;;
leu_L;Wishart, D.S., et al., HMDB: the Human Metabolome Database. Nucleic Acids Res, 2007. 35(Database issue): p. D521-6.Engelke, U., et al., Handbook of H-NMR spectroscopy in Inborn Errors of Metabolism Body fluid NMR apectroscopy and Brain MR spectroscopy. 3rd ed. 2014, Netherlands: Bruker.;;;;;;;;;;;;;;;;;;;;;;;
leuktrB4;Wishart, D.S., et al., HMDB: the Human Metabolome Database. Nucleic Acids Res, 2007. 35(Database issue): p. D521-6.http://www.metabolomicscentre.nl/;;;;;;;;;;;;;;;;;;;;;;;
leuktrB4;Wishart, D.S., et al., HMDB: the Human Metabolome Database. Nucleic Acids Res, 2007. 35(Database issue): p. D521-6.http://www.metabolomicscentre.nl/;;;;;;;;;;;;;;;;;;;;;;;
leuktrB4wcooh;Wishart, D.S., et al., HMDB: the Human Metabolome Database. Nucleic Acids Res, 2007. 35(Database issue): p. D521-6.http://www.metabolomicscentre.nl/;;;;;;;;;;;;;;;;;;;;;;;
leuktrB4woh;Wishart, D.S., et al., HMDB: the Human Metabolome Database. Nucleic Acids Res, 2007. 35(Database issue): p. D521-6.;;;;;;;;;;;;;;;;;;;;;;;
leuktrC4;Wishart, D.S., et al., HMDB: the Human Metabolome Database. Nucleic Acids Res, 2007. 35(Database issue): p. D521-6.http://www.metabolomicscentre.nl/;;;;;;;;;;;;;;;;;;;;;;;
Lkynr;Wishart, D.S., et al., HMDB: the Human Metabolome Database. Nucleic Acids Res, 2007. 35(Database issue): p. D521-6.PMID: 24816252;;;;;;;;;;;;;;;;;;;;;;;
Lkynr;Wishart, D.S., et al., HMDB: the Human Metabolome Database. Nucleic Acids Res, 2007. 35(Database issue): p. D521-6.PMID: 24816252;;;;;;;;;;;;;;;;;;;;;;;
lnlc;Wishart, D.S., et al., HMDB: the Human Metabolome Database. Nucleic Acids Res, 2007. 35(Database issue): p. D521-6.PMID: 24816252;;;;;;;;;;;;;;;;;;;;;;;
lnlc;Wishart, D.S., et al., HMDB: the Human Metabolome Database. Nucleic Acids Res, 2007. 35(Database issue): p. D521-6.PMID: 24816252;;;;;;;;;;;;;;;;;;;;;;;
lys_L;Wishart, D.S., et al., HMDB: the Human Metabolome Database. Nucleic Acids Res, 2007. 35(Database issue): p. D521-6.Engelke, U., et al., Handbook of H-NMR spectroscopy in Inborn Errors of Metabolism Body fluid NMR apectroscopy and Brain MR spectroscopy. 3rd ed. 2014, Netherlands: Bruker.;;;;;;;;;;;;;;;;;;;;;;;
lys_L;Wishart, D.S., et al., HMDB: the Human Metabolome Database. Nucleic Acids Res, 2007. 35(Database issue): p. D521-6.Engelke, U., et al., Handbook of H-NMR spectroscopy in Inborn Errors of Metabolism Body fluid NMR apectroscopy and Brain MR spectroscopy. 3rd ed. 2014, Netherlands: Bruker.;;;;;;;;;;;;;;;;;;;;;;;
mag_hs;Wishart, D.S., et al., HMDB: the Human Metabolome Database. Nucleic Acids Res, 2007. 35(Database issue): p. D521-6.;;;;;;;;;;;;;;;;;;;;;;;
mal_L;Wishart, D.S., et al., HMDB: the Human Metabolome Database. Nucleic Acids Res, 2007. 35(Database issue): p. D521-6.http://www.metabolomicscentre.nl/;;;;;;;;;;;;;;;;;;;;;;;
mal_L;Wishart, D.S., et al., HMDB: the Human Metabolome Database. Nucleic Acids Res, 2007. 35(Database issue): p. D521-6.http://www.metabolomicscentre.nl/;;;;;;;;;;;;;;;;;;;;;;;
man;Wishart, D.S., et al., HMDB: the Human Metabolome Database. Nucleic Acids Res, 2007. 35(Database issue): p. D521-6.PMID: 24816252;;;;;;;;;;;;;;;;;;;;;;;
man;Wishart, D.S., et al., HMDB: the Human Metabolome Database. Nucleic Acids Res, 2007. 35(Database issue): p. D521-6.PMID: 24816252;;;;;;;;;;;;;;;;;;;;;;;
melatn;Wishart, D.S., et al., HMDB: the Human Metabolome Database. Nucleic Acids Res, 2007. 35(Database issue): p. D521-6.;;;;;;;;;;;;;;;;;;;;;;;
meoh;Wishart, D.S., et al., HMDB: the Human Metabolome Database. Nucleic Acids Res, 2007. 35(Database issue): p. D521-6.;;;;;;;;;;;;;;;;;;;;;;;
meoh;Wishart, D.S., et al., HMDB: the Human Metabolome Database. Nucleic Acids Res, 2007. 35(Database issue): p. D521-6.;;;;;;;;;;;;;;;;;;;;;;;
mepi;Wishart, D.S., et al., HMDB: the Human Metabolome Database. Nucleic Acids Res, 2007. 35(Database issue): p. D521-6.;;;;;;;;;;;;;;;;;;;;;;;
met_L;Wishart, D.S., et al., HMDB: the Human Metabolome Database. Nucleic Acids Res, 2007. 35(Database issue): p. D521-6.PMID: 20037589, PMID: 16032513, PMID: 21852955;;;;;;;;;;;;;;;;;;;;;;;
met_L;Wishart, D.S., et al., HMDB: the Human Metabolome Database. Nucleic Acids Res, 2007. 35(Database issue): p. D521-6.PMID: 20037589, PMID: 16032513, PMID: 21852955;;;;;;;;;;;;;;;;;;;;;;;
mhista;Wishart, D.S., et al., HMDB: the Human Metabolome Database. Nucleic Acids Res, 2007. 35(Database issue): p. D521-6.;;;;;;;;;;;;;;;;;;;;;;;
na1;Wishart, D.S., et al., HMDB: the Human Metabolome Database. Nucleic Acids Res, 2007. 35(Database issue): p. D521-6.;;;;;;;;;;;;;;;;;;;;;;;
na1;Wishart, D.S., et al., HMDB: the Human Metabolome Database. Nucleic Acids Res, 2007. 35(Database issue): p. D521-6.;;;;;;;;;;;;;;;;;;;;;;;
nac;Wishart, D.S., et al., HMDB: the Human Metabolome Database. Nucleic Acids Res, 2007. 35(Database issue): p. D521-6.;;;;;;;;;;;;;;;;;;;;;;;
nac;Wishart, D.S., et al., HMDB: the Human Metabolome Database. Nucleic Acids Res, 2007. 35(Database issue): p. D521-6.;;;;;;;;;;;;;;;;;;;;;;;
Nacasp;Wishart, D.S., et al., HMDB: the Human Metabolome Database. Nucleic Acids Res, 2007. 35(Database issue): p. D521-6.Engelke, U., et al., Handbook of H-NMR spectroscopy in Inborn Errors of Metabolism Body fluid NMR apectroscopy and Brain MR spectroscopy. 3rd ed. 2014, Netherlands: Bruker.;;;;;;;;;;;;;;;;;;;;;;;
Nacasp;Wishart, D.S., et al., HMDB: the Human Metabolome Database. Nucleic Acids Res, 2007. 35(Database issue): p. D521-6.Engelke, U., et al., Handbook of H-NMR spectroscopy in Inborn Errors of Metabolism Body fluid NMR apectroscopy and Brain MR spectroscopy. 3rd ed. 2014, Netherlands: Bruker.;;;;;;;;;;;;;;;;;;;;;;;
nh4;Wishart, D.S., et al., HMDB: the Human Metabolome Database. Nucleic Acids Res, 2007. 35(Database issue): p. D521-6.;;;;;;;;;;;;;;;;;;;;;;;
nh4;Wishart, D.S., et al., HMDB: the Human Metabolome Database. Nucleic Acids Res, 2007. 35(Database issue): p. D521-6.;;;;;;;;;;;;;;;;;;;;;;;
no;Wishart, D.S., et al., HMDB: the Human Metabolome Database. Nucleic Acids Res, 2007. 35(Database issue): p. D521-6.;;;;;;;;;;;;;;;;;;;;;;;
no2;Wishart, D.S., et al., HMDB: the Human Metabolome Database. Nucleic Acids Res, 2007. 35(Database issue): p. D521-6.;;;;;;;;;;;;;;;;;;;;;;;
no2;Wishart, D.S., et al., HMDB: the Human Metabolome Database. Nucleic Acids Res, 2007. 35(Database issue): p. D521-6.;;;;;;;;;;;;;;;;;;;;;;;
normete_L;Wishart, D.S., et al., HMDB: the Human Metabolome Database. Nucleic Acids Res, 2007. 35(Database issue): p. D521-6.;;;;;;;;;;;;;;;;;;;;;;;
nrpphr;Wishart, D.S., et al., HMDB: the Human Metabolome Database. Nucleic Acids Res, 2007. 35(Database issue): p. D521-6.http://www.metabolomicscentre.nl/;;;;;;;;;;;;;;;;;;;;;;;
nrpphr;Wishart, D.S., et al., HMDB: the Human Metabolome Database. Nucleic Acids Res, 2007. 35(Database issue): p. D521-6.http://www.metabolomicscentre.nl/;;;;;;;;;;;;;;;;;;;;;;;
oaa;Wishart, D.S., et al., HMDB: the Human Metabolome Database. Nucleic Acids Res, 2007. 35(Database issue): p. D521-6.http://www.metabolomicscentre.nl/;;;;;;;;;;;;;;;;;;;;;;;
ocdca;Wishart, D.S., et al., HMDB: the Human Metabolome Database. Nucleic Acids Res, 2007. 35(Database issue): p. D521-6.PMID: 24816252;;;;;;;;;;;;;;;;;;;;;;;
ocdca;Wishart, D.S., et al., HMDB: the Human Metabolome Database. Nucleic Acids Res, 2007. 35(Database issue): p. D521-6.PMID: 24816252;;;;;;;;;;;;;;;;;;;;;;;
ocdcea;Wishart, D.S., et al., HMDB: the Human Metabolome Database. Nucleic Acids Res, 2007. 35(Database issue): p. D521-6.PMID: 24816252;;;;;;;;;;;;;;;;;;;;;;;
ocdcea;Wishart, D.S., et al., HMDB: the Human Metabolome Database. Nucleic Acids Res, 2007. 35(Database issue): p. D521-6.PMID: 24816252;;;;;;;;;;;;;;;;;;;;;;;
octa;Wishart, D.S., et al., HMDB: the Human Metabolome Database. Nucleic Acids Res, 2007. 35(Database issue): p. D521-6.PMID: 24816252;;;;;;;;;;;;;;;;;;;;;;;
octa;Wishart, D.S., et al., HMDB: the Human Metabolome Database. Nucleic Acids Res, 2007. 35(Database issue): p. D521-6.PMID: 24816252;;;;;;;;;;;;;;;;;;;;;;;
orn;Wishart, D.S., et al., HMDB: the Human Metabolome Database. Nucleic Acids Res, 2007. 35(Database issue): p. D521-6.PMID: 24816252;;;;;;;;;;;;;;;;;;;;;;;
orn;Wishart, D.S., et al., HMDB: the Human Metabolome Database. Nucleic Acids Res, 2007. 35(Database issue): p. D521-6.PMID: 24816252;;;;;;;;;;;;;;;;;;;;;;;
pac;Wishart, D.S., et al., HMDB: the Human Metabolome Database. Nucleic Acids Res, 2007. 35(Database issue): p. D521-6.PMID: 24816252;;;;;;;;;;;;;;;;;;;;;;;
pcrn;Wishart, D.S., et al., HMDB: the Human Metabolome Database. Nucleic Acids Res, 2007. 35(Database issue): p. D521-6.PMID: 24816252;;;;;;;;;;;;;;;;;;;;;;;
pcrn;Wishart, D.S., et al., HMDB: the Human Metabolome Database. Nucleic Acids Res, 2007. 35(Database issue): p. D521-6.PMID: 24816252;;;;;;;;;;;;;;;;;;;;;;;
phe_L;Wishart, D.S., et al., HMDB: the Human Metabolome Database. Nucleic Acids Res, 2007. 35(Database issue): p. D521-6.PMID: 20037589, PMID: 16032513, PMID: 21852955;;;;;;;;;;;;;;;;;;;;;;;
phe_L;Wishart, D.S., et al., HMDB: the Human Metabolome Database. Nucleic Acids Res, 2007. 35(Database issue): p. D521-6.PMID: 20037589, PMID: 16032513, PMID: 21852955;;;;;;;;;;;;;;;;;;;;;;;
pnto_R;Wishart, D.S., et al., HMDB: the Human Metabolome Database. Nucleic Acids Res, 2007. 35(Database issue): p. D521-6.PMID: 24816252;;;;;;;;;;;;;;;;;;;;;;;
pnto_R;Wishart, D.S., et al., HMDB: the Human Metabolome Database. Nucleic Acids Res, 2007. 35(Database issue): p. D521-6.PMID: 24816252;;;;;;;;;;;;;;;;;;;;;;;
ppa;Wishart, D.S., et al., HMDB: the Human Metabolome Database. Nucleic Acids Res, 2007. 35(Database issue): p. D521-6.Engelke, U., et al., Handbook of H-NMR spectroscopy in Inborn Errors of Metabolism Body fluid NMR apectroscopy and Brain MR spectroscopy. 3rd ed. 2014, Netherlands: Bruker.;;;;;;;;;;;;;;;;;;;;;;;
ppa;Wishart, D.S., et al., HMDB: the Human Metabolome Database. Nucleic Acids Res, 2007. 35(Database issue): p. D521-6.Engelke, U., et al., Handbook of H-NMR spectroscopy in Inborn Errors of Metabolism Body fluid NMR apectroscopy and Brain MR spectroscopy. 3rd ed. 2014, Netherlands: Bruker.;;;;;;;;;;;;;;;;;;;;;;;
pppi;Wishart, D.S., et al., HMDB: the Human Metabolome Database. Nucleic Acids Res, 2007. 35(Database issue): p. D521-6.;;;;;;;;;;;;;;;;;;;;;;;
prgnlone;Wishart, D.S., et al., HMDB: the Human Metabolome Database. Nucleic Acids Res, 2007. 35(Database issue): p. D521-6.PMID: 22424236;;;;;;;;;;;;;;;;;;;;;;;
prgstrn;Wishart, D.S., et al., HMDB: the Human Metabolome Database. Nucleic Acids Res, 2007. 35(Database issue): p. D521-6.PMID: 22424236;;;;;;;;;;;;;;;;;;;;;;;
prgstrn;Wishart, D.S., et al., HMDB: the Human Metabolome Database. Nucleic Acids Res, 2007. 35(Database issue): p. D521-6.PMID: 22424236;;;;;;;;;;;;;;;;;;;;;;;
pro_L;Wishart, D.S., et al., HMDB: the Human Metabolome Database. Nucleic Acids Res, 2007. 35(Database issue): p. D521-6.PMID: 20037589, PMID: 16032513, PMID: 21852955;;;;;;;;;;;;;;;;;;;;;;;
pro_L;Wishart, D.S., et al., HMDB: the Human Metabolome Database. Nucleic Acids Res, 2007. 35(Database issue): p. D521-6.PMID: 20037589, PMID: 16032513, PMID: 21852955;;;;;;;;;;;;;;;;;;;;;;;
prostgd2;Wishart, D.S., et al., HMDB: the Human Metabolome Database. Nucleic Acids Res, 2007. 35(Database issue): p. D521-6.http://www.metabolomicscentre.nl/;;;;;;;;;;;;;;;;;;;;;;;
prostgd2;Wishart, D.S., et al., HMDB: the Human Metabolome Database. Nucleic Acids Res, 2007. 35(Database issue): p. D521-6.http://www.metabolomicscentre.nl/;;;;;;;;;;;;;;;;;;;;;;;
prostge2;Wishart, D.S., et al., HMDB: the Human Metabolome Database. Nucleic Acids Res, 2007. 35(Database issue): p. D521-6.http://www.metabolomicscentre.nl/;;;;;;;;;;;;;;;;;;;;;;;
prostge2;Wishart, D.S., et al., HMDB: the Human Metabolome Database. Nucleic Acids Res, 2007. 35(Database issue): p. D521-6.http://www.metabolomicscentre.nl/;;;;;;;;;;;;;;;;;;;;;;;
prostgf2;Wishart, D.S., et al., HMDB: the Human Metabolome Database. Nucleic Acids Res, 2007. 35(Database issue): p. D521-6.http://www.metabolomicscentre.nl/;;;;;;;;;;;;;;;;;;;;;;;
prostgf2;Wishart, D.S., et al., HMDB: the Human Metabolome Database. Nucleic Acids Res, 2007. 35(Database issue): p. D521-6.http://www.metabolomicscentre.nl/;;;;;;;;;;;;;;;;;;;;;;;
pser_L;Wishart, D.S., et al., HMDB: the Human Metabolome Database. Nucleic Acids Res, 2007. 35(Database issue): p. D521-6.http://www.metabolomicscentre.nl/;;;;;;;;;;;;;;;;;;;;;;;
ptrc;Wishart, D.S., et al., HMDB: the Human Metabolome Database. Nucleic Acids Res, 2007. 35(Database issue): p. D521-6.http://www.metabolomicscentre.nl/;;;;;;;;;;;;;;;;;;;;;;;
ptrc;Wishart, D.S., et al., HMDB: the Human Metabolome Database. Nucleic Acids Res, 2007. 35(Database issue): p. D521-6.http://www.metabolomicscentre.nl/;;;;;;;;;;;;;;;;;;;;;;;
pydx5p;Wishart, D.S., et al., HMDB: the Human Metabolome Database. Nucleic Acids Res, 2007. 35(Database issue): p. D521-6.;;;;;;;;;;;;;;;;;;;;;;;
pyr;Wishart, D.S., et al., HMDB: the Human Metabolome Database. Nucleic Acids Res, 2007. 35(Database issue): p. D521-6.PMID: 24816252;;;;;;;;;;;;;;;;;;;;;;;
pyr;Wishart, D.S., et al., HMDB: the Human Metabolome Database. Nucleic Acids Res, 2007. 35(Database issue): p. D521-6.PMID: 24816252;;;;;;;;;;;;;;;;;;;;;;;
quln;Wishart, D.S., et al., HMDB: the Human Metabolome Database. Nucleic Acids Res, 2007. 35(Database issue): p. D521-6.;;;;;;;;;;;;;;;;;;;;;;;
quln;Wishart, D.S., et al., HMDB: the Human Metabolome Database. Nucleic Acids Res, 2007. 35(Database issue): p. D521-6.;;;;;;;;;;;;;;;;;;;;;;;
rbt;Wishart, D.S., et al., HMDB: the Human Metabolome Database. Nucleic Acids Res, 2007. 35(Database issue): p. D521-6.Engelke, U., et al., Handbook of H-NMR spectroscopy in Inborn Errors of Metabolism Body fluid NMR apectroscopy and Brain MR spectroscopy. 3rd ed. 2014, Netherlands: Bruker.;;;;;;;;;;;;;;;;;;;;;;;
rbt;Engelke, U., et al., Handbook of H-NMR spectroscopy in Inborn Errors of Metabolism Body fluid NMR apectroscopy and Brain MR spectroscopy. 3rd ed. 2014, Netherlands: Bruker.;;;;;;;;;;;;;;;;;;;;;;;
rbt;Wishart, D.S., et al., HMDB: the Human Metabolome Database. Nucleic Acids Res, 2007. 35(Database issue): p. D521-6.Engelke, U., et al., Handbook of H-NMR spectroscopy in Inborn Errors of Metabolism Body fluid NMR apectroscopy and Brain MR spectroscopy. 3rd ed. 2014, Netherlands: Bruker.;;;;;;;;;;;;;;;;;;;;;;;
rib_D;Wishart, D.S., et al., HMDB: the Human Metabolome Database. Nucleic Acids Res, 2007. 35(Database issue): p. D521-6.;;;;;;;;;;;;;;;;;;;;;;;
rib_D;Wishart, D.S., et al., HMDB: the Human Metabolome Database. Nucleic Acids Res, 2007. 35(Database issue): p. D521-6.;;;;;;;;;;;;;;;;;;;;;;;
ribflv;Wishart, D.S., et al., HMDB: the Human Metabolome Database. Nucleic Acids Res, 2007. 35(Database issue): p. D521-6.PMID: 24816252;;;;;;;;;;;;;;;;;;;;;;;
ribflv;Wishart, D.S., et al., HMDB: the Human Metabolome Database. Nucleic Acids Res, 2007. 35(Database issue): p. D521-6.PMID: 24816252;;;;;;;;;;;;;;;;;;;;;;;
sbt_D;Wishart, D.S., et al., HMDB: the Human Metabolome Database. Nucleic Acids Res, 2007. 35(Database issue): p. D521-6.;;;;;;;;;;;;;;;;;;;;;;;
sbt_D;Wishart, D.S., et al., HMDB: the Human Metabolome Database. Nucleic Acids Res, 2007. 35(Database issue): p. D521-6.;;;;;;;;;;;;;;;;;;;;;;;
ser_D;Wishart, D.S., et al., HMDB: the Human Metabolome Database. Nucleic Acids Res, 2007. 35(Database issue): p. D521-6.;;;;;;;;;;;;;;;;;;;;;;;
ser_L;Wishart, D.S., et al., HMDB: the Human Metabolome Database. Nucleic Acids Res, 2007. 35(Database issue): p. D521-6.PMID: 20037589, PMID: 16032513, PMID: 21852955;;;;;;;;;;;;;;;;;;;;;;;
ser_L;Wishart, D.S., et al., HMDB: the Human Metabolome Database. Nucleic Acids Res, 2007. 35(Database issue): p. D521-6.PMID: 20037589, PMID: 16032513, PMID: 21852955;;;;;;;;;;;;;;;;;;;;;;;
spmd;Wishart, D.S., et al., HMDB: the Human Metabolome Database. Nucleic Acids Res, 2007. 35(Database issue): p. D521-6.http://www.metabolomicscentre.nl/;;;;;;;;;;;;;;;;;;;;;;;
spmd;Wishart, D.S., et al., HMDB: the Human Metabolome Database. Nucleic Acids Res, 2007. 35(Database issue): p. D521-6.http://www.metabolomicscentre.nl/;;;;;;;;;;;;;;;;;;;;;;;
sprm;Wishart, D.S., et al., HMDB: the Human Metabolome Database. Nucleic Acids Res, 2007. 35(Database issue): p. D521-6.http://www.metabolomicscentre.nl/;;;;;;;;;;;;;;;;;;;;;;;
sprm;Wishart, D.S., et al., HMDB: the Human Metabolome Database. Nucleic Acids Res, 2007. 35(Database issue): p. D521-6.http://www.metabolomicscentre.nl/;;;;;;;;;;;;;;;;;;;;;;;
srtn;Wishart, D.S., et al., HMDB: the Human Metabolome Database. Nucleic Acids Res, 2007. 35(Database issue): p. D521-6.PMID: 24816252;;;;;;;;;;;;;;;;;;;;;;;
srtn;Wishart, D.S., et al., HMDB: the Human Metabolome Database. Nucleic Acids Res, 2007. 35(Database issue): p. D521-6.PMID: 24816252;;;;;;;;;;;;;;;;;;;;;;;
subeac;Wishart, D.S., et al., HMDB: the Human Metabolome Database. Nucleic Acids Res, 2007. 35(Database issue): p. D521-6.PMID: 24816252;;;;;;;;;;;;;;;;;;;;;;;
succ;Wishart, D.S., et al., HMDB: the Human Metabolome Database. Nucleic Acids Res, 2007. 35(Database issue): p. D521-6.Engelke, U., et al., Handbook of H-NMR spectroscopy in Inborn Errors of Metabolism Body fluid NMR apectroscopy and Brain MR spectroscopy. 3rd ed. 2014, Netherlands: Bruker.;;;;;;;;;;;;;;;;;;;;;;;
succ;Wishart, D.S., et al., HMDB: the Human Metabolome Database. Nucleic Acids Res, 2007. 35(Database issue): p. D521-6.Engelke, U., et al., Handbook of H-NMR spectroscopy in Inborn Errors of Metabolism Body fluid NMR apectroscopy and Brain MR spectroscopy. 3rd ed. 2014, Netherlands: Bruker.;;;;;;;;;;;;;;;;;;;;;;;
sucsal;Wishart, D.S., et al., HMDB: the Human Metabolome Database. Nucleic Acids Res, 2007. 35(Database issue): p. D521-6.;;;;;;;;;;;;;;;;;;;;;;;
taur;Wishart, D.S., et al., HMDB: the Human Metabolome Database. Nucleic Acids Res, 2007. 35(Database issue): p. D521-6.Engelke, U., et al., Handbook of H-NMR spectroscopy in Inborn Errors of Metabolism Body fluid NMR apectroscopy and Brain MR spectroscopy. 3rd ed. 2014, Netherlands: Bruker.;;;;;;;;;;;;;;;;;;;;;;;
taur;Wishart, D.S., et al., HMDB: the Human Metabolome Database. Nucleic Acids Res, 2007. 35(Database issue): p. D521-6.Engelke, U., et al., Handbook of H-NMR spectroscopy in Inborn Errors of Metabolism Body fluid NMR apectroscopy and Brain MR spectroscopy. 3rd ed. 2014, Netherlands: Bruker.;;;;;;;;;;;;;;;;;;;;;;;
tcynt;Wishart, D.S., et al., HMDB: the Human Metabolome Database. Nucleic Acids Res, 2007. 35(Database issue): p. D521-6.;;;;;;;;;;;;;;;;;;;;;;;
tcynt;Wishart, D.S., et al., HMDB: the Human Metabolome Database. Nucleic Acids Res, 2007. 35(Database issue): p. D521-6.;;;;;;;;;;;;;;;;;;;;;;;
thbpt;Wishart, D.S., et al., HMDB: the Human Metabolome Database. Nucleic Acids Res, 2007. 35(Database issue): p. D521-6.;;;;;;;;;;;;;;;;;;;;;;;
thm;Wishart, D.S., et al., HMDB: the Human Metabolome Database. Nucleic Acids Res, 2007. 35(Database issue): p. D521-6.;;;;;;;;;;;;;;;;;;;;;;;
thm;Wishart, D.S., et al., HMDB: the Human Metabolome Database. Nucleic Acids Res, 2007. 35(Database issue): p. D521-6.;;;;;;;;;;;;;;;;;;;;;;;
thmmp;Wishart, D.S., et al., HMDB: the Human Metabolome Database. Nucleic Acids Res, 2007. 35(Database issue): p. D521-6.;;;;;;;;;;;;;;;;;;;;;;;
thmmp;Wishart, D.S., et al., HMDB: the Human Metabolome Database. Nucleic Acids Res, 2007. 35(Database issue): p. D521-6.;;;;;;;;;;;;;;;;;;;;;;;
thmpp;Wishart, D.S., et al., HMDB: the Human Metabolome Database. Nucleic Acids Res, 2007. 35(Database issue): p. D521-6.;;;;;;;;;;;;;;;;;;;;;;;
thr_L;Wishart, D.S., et al., HMDB: the Human Metabolome Database. Nucleic Acids Res, 2007. 35(Database issue): p. D521-6.PMID: 20037589, PMID: 16032513, PMID: 21852955;;;;;;;;;;;;;;;;;;;;;;;
thr_L;Wishart, D.S., et al., HMDB: the Human Metabolome Database. Nucleic Acids Res, 2007. 35(Database issue): p. D521-6.PMID: 20037589, PMID: 16032513, PMID: 21852955;;;;;;;;;;;;;;;;;;;;;;;
thym;Wishart, D.S., et al., HMDB: the Human Metabolome Database. Nucleic Acids Res, 2007. 35(Database issue): p. D521-6.Engelke, U., et al., Handbook of H-NMR spectroscopy in Inborn Errors of Metabolism Body fluid NMR apectroscopy and Brain MR spectroscopy. 3rd ed. 2014, Netherlands: Bruker.;;;;;;;;;;;;;;;;;;;;;;;
thym;Wishart, D.S., et al., HMDB: the Human Metabolome Database. Nucleic Acids Res, 2007. 35(Database issue): p. D521-6.Engelke, U., et al., Handbook of H-NMR spectroscopy in Inborn Errors of Metabolism Body fluid NMR apectroscopy and Brain MR spectroscopy. 3rd ed. 2014, Netherlands: Bruker.;;;;;;;;;;;;;;;;;;;;;;;
thymd;Wishart, D.S., et al., HMDB: the Human Metabolome Database. Nucleic Acids Res, 2007. 35(Database issue): p. D521-6.Engelke, U., et al., Handbook of H-NMR spectroscopy in Inborn Errors of Metabolism Body fluid NMR apectroscopy and Brain MR spectroscopy. 3rd ed. 2014, Netherlands: Bruker.;;;;;;;;;;;;;;;;;;;;;;;
thymd;Wishart, D.S., et al., HMDB: the Human Metabolome Database. Nucleic Acids Res, 2007. 35(Database issue): p. D521-6.Engelke, U., et al., Handbook of H-NMR spectroscopy in Inborn Errors of Metabolism Body fluid NMR apectroscopy and Brain MR spectroscopy. 3rd ed. 2014, Netherlands: Bruker.;;;;;;;;;;;;;;;;;;;;;;;
tmlys;Wishart, D.S., et al., HMDB: the Human Metabolome Database. Nucleic Acids Res, 2007. 35(Database issue): p. D521-6.http://www.metabolomicscentre.nl/;;;;;;;;;;;;;;;;;;;;;;;
trp_L;Wishart, D.S., et al., HMDB: the Human Metabolome Database. Nucleic Acids Res, 2007. 35(Database issue): p. D521-6.PMID: 20037589, PMID: 16032513, PMID: 21852955;;;;;;;;;;;;;;;;;;;;;;;
trp_L;Wishart, D.S., et al., HMDB: the Human Metabolome Database. Nucleic Acids Res, 2007. 35(Database issue): p. D521-6.PMID: 20037589, PMID: 16032513, PMID: 21852955;;;;;;;;;;;;;;;;;;;;;;;
tststerone;Wishart, D.S., et al., HMDB: the Human Metabolome Database. Nucleic Acids Res, 2007. 35(Database issue): p. D521-6.PMID: 22424236;;;;;;;;;;;;;;;;;;;;;;;
tststerone;Wishart, D.S., et al., HMDB: the Human Metabolome Database. Nucleic Acids Res, 2007. 35(Database issue): p. D521-6.PMID: 22424236;;;;;;;;;;;;;;;;;;;;;;;
ttdca;Wishart, D.S., et al., HMDB: the Human Metabolome Database. Nucleic Acids Res, 2007. 35(Database issue): p. D521-6.PMID: 24816252;;;;;;;;;;;;;;;;;;;;;;;
ttdca;Wishart, D.S., et al., HMDB: the Human Metabolome Database. Nucleic Acids Res, 2007. 35(Database issue): p. D521-6.PMID: 24816252;;;;;;;;;;;;;;;;;;;;;;;
txa2;Wishart, D.S., et al., HMDB: the Human Metabolome Database. Nucleic Acids Res, 2007. 35(Database issue): p. D521-6.PMID: 22424236;;;;;;;;;;;;;;;;;;;;;;;
tyr_L;Wishart, D.S., et al., HMDB: the Human Metabolome Database. Nucleic Acids Res, 2007. 35(Database issue): p. D521-6.PMID: 20037589, PMID: 16032513, PMID: 21852955;;;;;;;;;;;;;;;;;;;;;;;
tyr_L;Wishart, D.S., et al., HMDB: the Human Metabolome Database. Nucleic Acids Res, 2007. 35(Database issue): p. D521-6.PMID: 20037589, PMID: 16032513, PMID: 21852955;;;;;;;;;;;;;;;;;;;;;;;
ura;Wishart, D.S., et al., HMDB: the Human Metabolome Database. Nucleic Acids Res, 2007. 35(Database issue): p. D521-6.Engelke, U., et al., Handbook of H-NMR spectroscopy in Inborn Errors of Metabolism Body fluid NMR apectroscopy and Brain MR spectroscopy. 3rd ed. 2014, Netherlands: Bruker.;;;;;;;;;;;;;;;;;;;;;;;
ura;Wishart, D.S., et al., HMDB: the Human Metabolome Database. Nucleic Acids Res, 2007. 35(Database issue): p. D521-6.Engelke, U., et al., Handbook of H-NMR spectroscopy in Inborn Errors of Metabolism Body fluid NMR apectroscopy and Brain MR spectroscopy. 3rd ed. 2014, Netherlands: Bruker.;;;;;;;;;;;;;;;;;;;;;;;
urate;Wishart, D.S., et al., HMDB: the Human Metabolome Database. Nucleic Acids Res, 2007. 35(Database issue): p. D521-6.PMID: 24816252;;;;;;;;;;;;;;;;;;;;;;;
urate;Wishart, D.S., et al., HMDB: the Human Metabolome Database. Nucleic Acids Res, 2007. 35(Database issue): p. D521-6.PMID: 24816252;;;;;;;;;;;;;;;;;;;;;;;
urea;Wishart, D.S., et al., HMDB: the Human Metabolome Database. Nucleic Acids Res, 2007. 35(Database issue): p. D521-6.PMID: 24816252;;;;;;;;;;;;;;;;;;;;;;;
uri;Wishart, D.S., et al., HMDB: the Human Metabolome Database. Nucleic Acids Res, 2007. 35(Database issue): p. D521-6.PMID: 24816252;;;;;;;;;;;;;;;;;;;;;;;
uri;Wishart, D.S., et al., HMDB: the Human Metabolome Database. Nucleic Acids Res, 2007. 35(Database issue): p. D521-6.PMID: 24816252;;;;;;;;;;;;;;;;;;;;;;;
val_L;Wishart, D.S., et al., HMDB: the Human Metabolome Database. Nucleic Acids Res, 2007. 35(Database issue): p. D521-6.PMID: 20037589, PMID: 16032513, PMID: 21852955;;;;;;;;;;;;;;;;;;;;;;;
val_L;Wishart, D.S., et al., HMDB: the Human Metabolome Database. Nucleic Acids Res, 2007. 35(Database issue): p. D521-6.PMID: 20037589, PMID: 16032513, PMID: 21852955;;;;;;;;;;;;;;;;;;;;;;;
xan;Wishart, D.S., et al., HMDB: the Human Metabolome Database. Nucleic Acids Res, 2007. 35(Database issue): p. D521-6.PMID: 24816252;;;;;;;;;;;;;;;;;;;;;;;
xan;PMID: 24816252;;;;;;;;;;;;;;;;;;;;;;;
xan;Wishart, D.S., et al., HMDB: the Human Metabolome Database. Nucleic Acids Res, 2007. 35(Database issue): p. D521-6.PMID: 24816252;;;;;;;;;;;;;;;;;;;;;;;
xol24oh;Wishart, D.S., et al., HMDB: the Human Metabolome Database. Nucleic Acids Res, 2007. 35(Database issue): p. D521-6.;;;;;;;;;;;;;;;;;;;;;;;
xol27oh;Wishart, D.S., et al., HMDB: the Human Metabolome Database. Nucleic Acids Res, 2007. 35(Database issue): p. D521-6.PMID: 22424236;;;;;;;;;;;;;;;;;;;;;;;
xylt;Wishart, D.S., et al., HMDB: the Human Metabolome Database. Nucleic Acids Res, 2007. 35(Database issue): p. D521-6.;;;;;;;;;;;;;;;;;;;;;;;
xylt;Wishart, D.S., et al., HMDB: the Human Metabolome Database. Nucleic Acids Res, 2007. 35(Database issue): p. D521-6.;;;;;;;;;;;;;;;;;;;;;;;
xylu_D;Wishart, D.S., et al., HMDB: the Human Metabolome Database. Nucleic Acids Res, 2007. 35(Database issue): p. D521-6.;;;;;;;;;;;;;;;;;;;;;;;
xylu_L;Wishart, D.S., et al., HMDB: the Human Metabolome Database. Nucleic Acids Res, 2007. 35(Database issue): p. D521-6.;;;;;;;;;;;;;;;;;;;;;;;